x,y
-0.164,0.82
0.197,-0.062
-0.719,0.311
-0.108,-0.478
0.084,0.026
-0.194,-0.707
0.598,-0.321
0.936,-0.118
0.118,-0.857
-0.545,-0.65
0.139,0.728
0.083,0.232
0.747,-0.479
0.472,-0.045
0.171,0.347
0.638,0.244
0.159,-0.383
-0.896,-0.216
0.353,-0.128
-0.441,0.494
0.364,0.392
0.506,0.594
0.137,-0.946
-0.029,0.573
-0.879,-0.412
0.314,0.88
-0.011,0.817
-0.431,0.864
-0.756,0.518
-0.359,-0.826
-0.431,0.007
-0.288,-0.913
-0.612,0.427
-0.145,0.21
-0.221,-0.336
-0.463,0.339
-0.209,0.2
0.703,0.015
-0.608,-0.083
0.92,0.27
0.458,-0.331
0.064,-0.283
-0.424,0.646
-0.003,-0.857
0.017,0.389
0.358,-0.896
-0.012,-0.292
-0.528,0.792
0.364,-0.61
0.11,0.195
-0.251,-0.622
0.345,-0.104
0.107,0.13
-0.406,-0.857
-0.051,-0.709
0.367,0.777
-0.689,0.159
-0.623,0.464
-0.3,0.634
0.48,0.323
0.0,-0.933
-0.366,-0.798
0.59,0.279
0.186,-0.776
-0.158,-0.261
-0.335,-0.423
0.058,0.096
-0.021,-0.581
-0.325,0.172
-0.264,0.429
0.416,-0.131
-0.079,0.169
0.723,-0.645
0.393,0.846
0.193,-0.483
-0.018,-0.895
0.165,0.349
0.663,-0.704
0.473,-0.869
-0.367,-0.383
0.695,0.272
-0.815,0.45
0.933,-0.129
-0.366,0.059
0.774,0.147
-0.018,-0.487
0.238,-0.261
0.639,0.546
-0.569,-0.092
0.301,-0.858
-0.153,-0.268
-0.428,-0.686
-0.33,0.442
-0.516,0.287
0.11,0.959
-0.379,0.026
0.135,-0.212
-0.044,-0.522
-0.459,0.709
0.246,0.056
-0.759,-0.024
-0.244,-0.757
-0.48,0.579
0.924,-0.204
0.208,0.794
0.268,-0.347
0.567,0.694
0.222,-0.36
-0.401,0.155
0.363,-0.086
-0.563,-0.323
-0.401,-0.738
0.146,0.465
-0.544,-0.565
-0.134,-0.775
0.876,-0.349
-0.496,-0.093
0.609,0.173
-0.839,0.504
0.295,0.951
0.703,-0.305
0.494,-0.148
-0.524,0.419
-0.221,0.45
0.384,-0.497
0.927,-0.036
-0.619,-0.365
-0.841,-0.439
0.137,-0.589
0.156,0.463
-0.281,-0.383
-0.143,0.265
0.345,-0.224
0.173,0.976
0.308,-0.267
0.208,0.201
-0.436,0.831
0.721,0.028
0.325,0.214
-0.188,-0.202
-0.54,0.191
0.232,-0.19
0.478,-0.389
0.249,-0.771
-0.394,-0.364
-0.168,-0.084
-0.593,-0.794
-0.564,0.625
0.538,0.208
-0.872,-0.398
0.578,-0.054
-0.609,0.245
-0.538,0.791
0.199,-0.918
0.109,-0.18
0.566,-0.284
-0.016,0.567
-0.318,0.266
-0.324,-0.091
0.876,0.082
0.247,-0.264
0.3,-0.541
-0.858,-0.4
0.787,-0.005
-0.01,-0.43
0.047,-0.83
-0.82,0.203
0.438,-0.315
0.103,0.419
-0.295,-0.427
-0.111,-0.154
-0.075,0.39
0.102,-0.379
-0.418,0.857
-0.06,-0.822
0.049,0.568
0.793,0.231
0.755,0.395
-0.331,0.733
-0.046,-0.525
-0.335,-0.875
0.165,-0.955
0.762,0.238
-0.645,-0.535
0.577,0.645
-0.102,-0.706
-0.238,-0.626
-0.304,0.897
-0.045,-0.168
0.415,-0.852
-0.554,0.082
0.391,0.42
-0.749,-0.502
-0.202,0.004
-0.137,0.837
-0.111,0.695
0.561,-0.686
-0.213,0.365
0.246,0.154
0.316,-0.222
-0.257,0.885
0.578,-0.095
-0.328,0.908
-0.395,-0.076
-0.113,-0.792
0.703,0.179
0.33,-0.54
-0.222,0.621
-0.59,0.09
-0.217,0.916
0.606,-0.332
-0.634,0.208
-0.258,-0.945
-0.823,0.475
0.185,0.158
0.132,-0.143
-0.455,0.012
-0.688,-0.012
0.258,-0.003
-0.895,0.238
0.635,-0.524
0.239,0.948
0.85,-0.014
-0.399,0.071
-0.354,0.203
0.403,0.084
-0.974,0.206
0.492,0.383
-0.737,-0.402
-0.382,0.592
-0.188,0.022
0.173,0.383
-0.841,-0.011
0.265,0.364
-0.549,-0.018
0.672,-0.054
0.354,-0.096
0.29,-0.314
0.198,-0.734
-0.725,-0.675
0.284,-0.929
0.017,-0.305
0.859,0.103
0.28,-0.053
-0.447,0.219
-0.393,-0.804
0.698,0.683
0.428,-0.29
-0.391,0.374
-0.276,0.652
-0.063,0.223
0.258,-0.552
-0.691,0.63
-0.216,0.723
-0.262,0.444
-0.193,0.412
-0.152,-0.379
-0.389,-0.41
-0.064,-0.786
0.921,0.076
-0.709,-0.077
-0.029,0.016
-0.404,-0.127
-0.181,0.5
0.17,-0.849
0.347,-0.727
-0.339,-0.57
-0.125,-0.791
0.137,0.702
0.153,-0.864
-0.068,-0.902
-0.12,0.638
0.321,-0.754
-0.242,0.061
-0.617,-0.228
0.33,-0.203
0.302,0.635
0.056,-0.973
0.04,-0.171
-0.914,0.285
0.123,0.628
0.515,-0.185
0.737,-0.233
0.149,0.333
-0.083,0.054
0.287,-0.472
0.21,0.041
0.57,0.239
-0.488,-0.342
0.345,0.277
0.173,-0.088
0.111,0.233
-0.541,-0.235
-0.722,-0.134
0.306,-0.37
0.636,0.758
0.355,-0.089
-0.328,0.349
0.285,0.551
-0.703,-0.022
0.437,0.689
0.732,0.413
-0.669,0.374
0.529,0.648
-0.449,-0.6
0.186,-0.233
-0.667,-0.513
-0.759,0.106
-0.346,0.122
0.276,-0.866
-0.729,0.17
0.531,0.202
-0.646,-0.541
0.546,0.474
0.002,-0.315
0.988,0.069
-0.737,-0.149
0.078,-0.137
0.79,0.588
-0.736,-0.04
-0.249,0.744
0.548,-0.13
-0.031,-0.467
-0.093,-0.628
0.34,0.054
0.078,-0.567
-0.591,-0.584
0.531,-0.412
0.795,0.341
0.609,-0.723
0.381,-0.879
-0.23,0.032
-0.419,0.58
-0.008,-0.622
0.949,-0.316
-0.381,-0.15
0.275,-0.197
0.452,0.005
0.483,0.761
-0.711,-0.052
-0.163,-0.567
0.619,-0.384
-0.179,-0.91
0.708,-0.665
-0.174,0.634
0.47,0.766
0.004,0.309
0.753,0.192
0.421,-0.283
-0.604,-0.13
0.675,-0.593
-0.945,-0.174
0.761,-0.282
-0.766,0.132
0.475,0.627
-0.035,0.222
-0.226,0.403
0.109,-0.203
0.676,-0.296
-0.726,0.42
-0.028,-0.786
-0.381,0.763
-0.868,0.452
0.098,0.978
-0.465,0.111
-0.045,0.331
0.773,0.131
-0.617,0.128
-0.349,0.72
-0.06,0.316
-0.939,0.217
0.111,0.365
-0.462,-0.683
-0.5,0.517
-0.639,-0.351
-0.442,0.315
0.547,0.569
0.663,0.432
-0.007,0.179
-0.763,-0.003
-0.446,-0.684
0.575,-0.166
-0.279,-0.387
0.598,-0.557
-0.062,-0.085
0.156,-0.019
0.48,-0.011
-0.318,-0.809
-0.691,-0.376
-0.138,-0.349
-0.556,0.784
-0.695,-0.554
0.238,0.31
-0.806,-0.512
-0.664,0.348
0.381,0.756
0.625,-0.61
-0.762,-0.037
0.411,0.628
-0.54,-0.49
0.01,-0.721
-0.4,-0.547
-0.432,-0.597
-0.419,-0.871
0.041,-0.131
0.921,-0.254
-0.115,0.298
-0.687,-0.296
-0.544,0.148
0.015,0.002
0.428,0.524
-0.524,0.582
0.189,-0.704
-0.792,0.279
-0.541,0.236
-0.091,0.861
0.209,-0.865
-0.356,-0.904
-0.82,0.322
0.832,0.319
0.082,-0.005
0.035,0.825
-0.719,0.626
0.305,-0.231
0.555,-0.537
-0.162,0.273
0.139,0.645
0.706,-0.48
-0.321,0.799
0.277,0.924
-0.222,0.671
-0.052,-0.745
0.431,-0.093
0.424,-0.538
0.339,0.276
0.944,0.273
0.323,0.921
0.743,0.367
0.573,0.35
-0.835,-0.401
0.459,-0.097
-0.633,0.122
0.677,-0.563
0.087,-0.755
-0.307,-0.586
-0.583,0.446
0.009,0.793
-0.151,-0.719
-0.836,0.02
0.65,-0.541
0.605,0.299
0.569,-0.376
0.666,0.558
0.185,0.63
-0.36,0.725
0.879,0.077
-0.252,0.198
0.37,0.048
-0.394,-0.232
-0.208,0.475
-0.953,0.122
-0.544,-0.353
-0.227,-0.39
-0.193,-0.191
0.734,-0.322
0.504,-0.492
0.274,-0.608
-0.44,-0.508
-0.49,-0.085
-0.731,0.097
-0.405,0.458
0.594,-0.786
-0.381,-0.87
0.123,-0.646
0.321,0.695
0.409,0.331
0.029,-0.98
0.854,0.496
0.384,0.545
0.052,-0.878
0.159,0.172
-0.483,-0.816
-0.18,0.916
-0.513,-0.824
-0.839,0.318
-0.181,0.297
-0.339,0.109
0.777,0.119
-0.391,0.553
-0.223,-0.327
0.563,0.709
0.164,-0.697
0.814,0.436
0.519,-0.251
-0.602,0.252
0.294,-0.387
-0.381,0.177
0.597,-0.153
0.122,-0.518
-0.341,0.169
-0.403,-0.5
-0.64,0.059
0.243,-0.162
0.091,-0.49
-0.03,0.609
-0.817,0.342
0.397,0.197
0.269,-0.932
-0.37,-0.786
0.503,-0.637
0.536,0.512
-0.246,0.678
-0.243,0.677
-0.423,0.678
0.209,-0.055
0.72,0.542
0.029,0.855
0.225,0.921
-0.867,0.354
-0.561,-0.49
0.584,0.269
0.471,-0.271
0.928,0.048
0.625,-0.131
0.45,-0.532
-0.385,0.789
0.236,0.539
0.159,-0.145
0.594,0.622
-0.865,-0.114
-0.645,0.344
-0.089,-0.002
-0.176,0.876
-0.512,-0.632
-0.338,0.63
0.211,-0.653
0.206,-0.047
0.923,0.352
-0.279,-0.646
0.715,0.368
-0.486,-0.262
-0.085,-0.111
0.372,0.772
0.1,-0.137
-0.122,-0.963
-0.713,-0.2
-0.13,-0.327
-0.481,0.586
-0.454,0.547
0.315,-0.083
0.354,0.763
0.971,0.035
-0.768,0.064
0.426,-0.547
-0.808,0.584
0.701,-0.27
-0.2,0.875
0.021,0.924
-0.458,0.801
0.588,0.136
0.277,0.914
-0.708,0.517
-0.549,0.608
0.265,-0.529
-0.154,0.4
0.337,-0.763
0.188,0.751
0.513,0.172
-0.81,-0.474
-0.587,0.291
-0.127,0.059
0.821,-0.149
0.576,-0.722
0.2,0.979
0.58,0.016
-0.41,0.638
-0.334,-0.76
0.354,-0.369
-0.28,-0.207
0.728,-0.003
0.354,-0.388
-0.496,-0.505
-0.704,0.111
-0.574,-0.142
0.338,0.18
0.373,-0.158
-0.817,-0.188
-0.802,0.491
0.431,0.21
-0.256,0.837
0.898,0.392
0.055,0.781
0.629,-0.077
-0.244,0.367
0.806,-0.505
-0.293,0.537
-0.737,0.552
0.462,-0.019
-0.094,0.264
0.585,-0.092
-0.413,-0.097
-0.281,0.099
-0.181,0.745
0.325,0.816
0.113,0.57
0.832,0.486
-0.56,0.333
0.323,0.813
-0.783,-0.61
-0.454,-0.561
0.493,0.565
0.103,0.238
0.306,-0.057
-0.159,-0.676
0.137,0.85
0.429,0.648
0.395,0.256
0.438,-0.173
0.194,-0.771
0.528,0.388
-0.456,0.067
-0.486,-0.234
0.068,0.132
-0.985,0.022
0.874,-0.356
0.749,0.239
0.864,0.178
0.057,-0.86
0.428,-0.869
0.349,-0.19
0.26,0.705
0.065,0.376
-0.723,-0.582
0.924,0.159
-0.286,0.513
-0.607,0.718
-0.049,-0.029
0.542,-0.328
0.684,-0.301
-0.184,-0.121
0.685,-0.718
0.457,-0.82
0.082,-0.634
-0.833,-0.033
-0.823,0.367
-0.06,0.698
0.041,0.772
-0.125,0.81
0.274,0.82
0.671,-0.664
-0.599,0.332
0.353,0.155
0.406,-0.406
-0.269,-0.348
-0.242,-0.506
0.782,-0.033
-0.515,-0.467
-0.601,-0.067
0.377,-0.484
0.57,-0.464
0.138,0.557
-0.127,0.308
-0.891,0.01
0.616,0.391
0.195,0.786
0.665,-0.53
-0.027,-0.824
0.569,0.574
-0.16,0.65
-0.273,0.595
0.121,0.099
-0.685,0.492
-0.17,0.943
-0.757,0.24
0.662,-0.497
0.465,0.32
0.256,-0.812
-0.045,0.179
-0.284,-0.459
0.406,0.776
0.696,0.432
0.768,0.511
-0.259,-0.166
0.539,-0.24
-0.614,-0.246
-0.616,-0.31
-0.28,0.783
0.209,0.36
-0.426,-0.29
-0.062,-0.035
-0.019,-0.51
0.648,-0.754
0.714,-0.096
-0.174,0.572
0.59,-0.158
0.216,0.418
-0.938,-0.292
0.137,-0.754
0.796,-0.364
0.154,-0.438
0.344,0.162
-0.263,0.728
-0.336,-0.18
0.352,-0.607
0.833,-0.009
0.642,0.696
-0.682,-0.15
-0.588,0.259
-0.669,0.567
0.036,-0.408
-0.002,0.087
0.108,0.308
-0.945,-0.145
-0.376,0.337
0.843,0.144
-0.25,-0.496
-0.173,0.093
-0.839,0.032
-0.624,0.038
-0.628,-0.31
0.299,0.367
-0.04,-0.269
-0.13,0.089
-0.873,-0.249
0.651,-0.274
0.199,-0.747
0.526,0.031
-0.594,-0.712
-0.015,-0.152
-0.474,-0.075
0.004,0.262
0.839,0.379
0.099,0.32
-0.1,-0.859
0.222,0.401
-0.733,-0.359
0.565,-0.677
0.243,-0.833
0.086,-0.797
0.166,0.651
-0.297,0.512
-0.505,0.679
0.05,-0.453
-0.487,-0.102
-0.28,0.248
-0.021,-0.754
0.139,-0.864
-0.806,0.338
-0.698,-0.046
0.291,0.034
-0.287,0.769
-0.3,-0.169
-0.047,-0.558
-0.604,-0.394
0.076,0.254
0.545,0.661
0.239,0.395
-0.31,0.458
0.347,0.127
0.376,0.718
-0.706,0.272
-0.661,0.687
-0.815,-0.234
0.093,0.895
-0.534,-0.268
0.469,-0.657
0.103,-0.429
0.515,-0.334
-0.465,0.107
0.404,-0.784
0.635,0.423
-0.879,-0.331
0.195,-0.02
0.278,0.018
0.296,0.913
0.769,-0.039
-0.375,0.222
-0.286,0.932
0.572,-0.408
0.45,-0.51
0.445,0.054
0.056,0.553
-0.606,0.401
0.563,-0.4
-0.138,0.924
0.175,0.425
0.18,0.913
0.24,0.706
-0.635,0.772
-0.228,-0.576
0.363,-0.118
0.243,-0.482
0.024,0.893
0.059,0.849
-0.615,0.476
0.78,-0.47
0.158,-0.203
0.2,-0.478
-0.625,0.75
0.306,-0.202
-0.818,0.22
0.157,0.562
-0.601,0.368
0.573,-0.232
0.073,-0.949
0.57,-0.315
-0.021,-0.376
0.152,-0.622
-0.381,-0.579
0.664,-0.637
0.315,0.859
0.8,-0.003
-0.285,0.525
0.195,-0.942
-0.209,0.591
-0.044,-0.427
-0.477,-0.11
0.531,0.105
-0.441,-0.644
0.711,-0.062
-0.633,0.58
0.074,-0.42
-0.373,-0.131
0.503,0.285
-0.655,0.487
0.744,-0.565
0.089,-0.589
0.931,-0.242
0.071,0.901
0.682,0.432
0.041,0.354
0.358,0.779
-0.348,0.495
0.331,0.895
-0.223,-0.644
0.914,-0.134
-0.759,0.073
0.592,0.566
0.13,0.214
-0.383,0.329
0.56,0.099
-0.051,-0.954
-0.281,0.313
-0.546,0.637
-0.426,0.733
-0.366,0.718
-0.649,-0.704
0.622,0.273
0.035,-0.546
0.342,-0.688
-0.265,-0.466
-0.593,0.532
-0.07,-0.273
-0.465,-0.336
-0.942,0.163
-0.078,0.188
0.958,-0.06
0.625,0.69
0.913,-0.227
0.251,0.787
-0.069,-0.508
0.086,-0.39
0.592,-0.512
0.251,-0.653
-0.26,0.007
0.109,-0.154
0.907,0.11
-0.175,0.664
-0.403,-0.198
0.001,-0.579
0.422,-0.14
0.829,-0.152
-0.559,0.004
0.244,0.886
0.001,-0.801
0.604,0.766
0.211,-0.193
-0.057,0.871
0.094,-0.117
-0.169,-0.188
-0.873,-0.368
0.444,-0.037
-0.086,0.427
0.536,-0.211
-0.736,-0.261
0.644,-0.2
0.106,0.171
-0.636,0.032
-0.166,-0.714
0.463,-0.872
-0.098,0.213
0.007,0.255
-0.093,0.304
-0.4,0.318
0.231,0.889
0.856,-0.139
-0.598,0.688
0.201,-0.758
0.156,0.22
-0.115,-0.768
0.531,-0.037
0.556,-0.643
-0.811,0.081
0.122,-0.008
0.8,-0.204
-0.715,0.532
-0.571,0.73
-0.083,-0.597
0.462,0.209
-0.64,-0.19
0.576,0.617
-0.152,-0.633
0.478,-0.736
0.436,-0.678
-0.228,0.414
-0.414,-0.864
0.06,0.839
-0.085,-0.049
0.659,-0.612
-0.65,0.046
0.471,-0.451
-0.55,0.651
0.506,-0.331
-0.363,-0.091
0.08,0.037
0.005,0.636
0.693,-0.428
-0.956,-0.021
0.455,0.667
-0.287,0.914
0.264,-0.625
-0.156,0.889
0.817,-0.36
0.252,-0.632
-0.542,-0.566
0.393,-0.858
0.698,-0.569
-0.16,0.561
-0.292,-0.897
-0.105,0.62
-0.136,-0.138
0.223,-0.149
0.207,0.551
0.125,0.818
-0.41,0.78
0.968,-0.073
0.382,-0.585
-0.081,0.269
0.671,0.354
0.273,-0.859
0.222,-0.921
-0.766,-0.322
0.827,-0.144
-0.343,-0.618
0.1,0.707
-0.575,0.678
-0.486,0.021
0.131,0.0
-0.116,0.732
-0.534,0.279
-0.141,-0.611
-0.563,-0.647
-0.144,0.65
-0.277,-0.025
0.074,-0.399
0.136,-0.344
-0.609,-0.274
-0.36,-0.31
-0.788,-0.531
0.163,-0.882
-0.734,-0.674
0.368,0.69
-0.112,-0.736
-0.701,0.184
-0.865,-0.027
0.573,0.392
0.438,-0.489
0.445,-0.421
-0.044,0.249
-0.437,-0.349
0.161,-0.31
-0.266,0.885
-0.757,0.597
-0.88,0.428
-0.315,0.603
-0.292,0.503
-0.629,0.689
0.548,0.58
0.387,-0.902
0.933,0.313
-0.293,-0.744
0.778,-0.112
-0.053,0.674
-0.326,-0.913
0.546,0.342
-0.085,-0.693
-0.543,0.735
-0.137,-0.923
0.841,0.072
-0.674,-0.314
0.586,-0.296
-0.771,0.077
-0.163,-0.519
-0.19,-0.965
-0.332,-0.393
0.157,0.904
-0.259,-0.126
-0.654,-0.75
-0.408,-0.798
0.242,-0.136
0.857,-0.232
-0.331,0.818
0.113,-0.429
0.195,-0.664
0.182,0.053
-0.265,-0.899
-0.923,0.201
0.105,-0.572
-0.003,-0.675
-0.014,-0.005
-0.404,0.417
-0.865,-0.136
0.349,-0.204
-0.59,-0.396
0.221,0.849
0.458,-0.377
0.129,0.053
0.536,-0.169
0.636,-0.287
-0.744,0.346
0.706,0.34
0.505,0.303
0.445,-0.811
-0.206,0.153
-0.743,-0.366
-0.987,-0.108
0.369,0.428
-0.528,0.365
0.75,0.354
0.04,-0.894
0.103,0.92
-0.565,0.628
-0.704,-0.349
0.826,-0.191
0.41,-0.354
-0.204,0.362
-0.365,0.054
-0.657,0.209
-0.059,0.514
-0.362,-0.464
0.515,-0.094
-0.699,-0.407
-0.583,0.071
0.85,0.224
0.784,0.39
0.496,-0.118
-0.306,0.939
0.082,0.596
-0.95,-0.2
-0.705,0.376
-0.176,-0.142
0.678,0.581
-0.003,0.194
-0.583,-0.093
-0.428,0.068
-0.191,-0.687
-0.131,-0.054
-0.407,-0.076
0.394,0.096
0.006,-0.997
-0.469,-0.167
0.147,0.335
0.407,0.52
0.751,-0.66
-0.03,-0.008
0.273,-0.94
0.619,-0.197
-0.701,-0.158
-0.602,-0.43
0.808,0.528
0.321,-0.396
0.542,0.696
0.469,0.242
0.82,-0.026
-0.26,0.394
0.267,0.146
-0.145,0.383
-0.294,-0.495
-0.193,0.58
0.224,-0.769
0.297,-0.652
-0.701,0.6
-0.167,0.7
0.575,-0.697
0.147,-0.714
-0.525,0.685
-0.98,0.145
0.007,0.58
0.283,0.429
0.409,0.895
0.608,-0.713
-0.184,-0.233
-0.056,-0.305
0.929,0.095
-0.314,-0.123
0.348,-0.414
0.759,0.598
0.092,0.444
-0.071,-0.445
0.002,-0.829
0.792,0.044
-0.775,0.384
-0.729,0.296
0.522,0.501
0.534,-0.4
0.237,-0.026
0.006,0.029
-0.782,0.348
0.659,0.626
0.596,-0.453
-0.786,0.061
-0.407,-0.22
-0.147,-0.487
-0.739,0.478
-0.434,0.682
-0.19,0.673
0.605,-0.627
0.628,0.421
0.251,0.923
0.524,0.819
0.204,0.458
-0.836,0.009
0.231,-0.803
0.843,0.537
-0.151,0.434
0.115,0.762
0.972,0.199
0.265,0.655
0.402,-0.048
-0.476,-0.666
0.452,-0.684
0.275,0.81
-0.748,-0.103
-0.549,-0.465
-0.207,0.638
-0.276,-0.382
0.766,-0.342
0.092,-0.895
0.616,-0.39
-0.009,-0.126
-0.116,-0.947
-0.072,0.629
0.22,-0.687
-0.111,-0.541
-0.404,-0.794
-0.603,0.64
-0.667,0.745
-0.272,-0.333
0.071,-0.613
0.196,-0.11
0.592,0.322
-0.313,0.062
-0.546,-0.713
0.759,-0.198
-0.522,-0.277
0.824,-0.556
-0.217,-0.692
0.232,-0.681
0.063,-0.147
-0.315,0.475
-0.995,-0.041
0.791,-0.078
-0.262,0.891
-0.703,-0.239
0.889,0.4
-0.839,0.06
-0.246,-0.917
0.928,0.331
-0.925,-0.098
0.2,0.923
0.634,-0.534
-0.007,0.485
-0.463,-0.812
-0.272,0.05
0.046,0.733
-0.607,0.415
-0.252,0.422
0.214,-0.671
-0.898,-0.025
0.296,-0.284
-0.649,-0.017
0.342,-0.126
0.091,-0.237
0.494,-0.702
0.064,0.175
0.168,0.009
-0.426,-0.025
0.682,0.254
0.799,-0.011
0.319,-0.389
-0.93,-0.361
0.126,0.855
-0.291,0.395
0.693,-0.647
0.778,0.531
0.152,-0.079
-0.564,-0.381
-0.655,0.369
-0.204,0.036
-0.585,0.434
0.099,0.697
0.503,-0.029
0.57,-0.316
0.374,0.518
-0.417,0.728
-0.288,0.825
-0.526,0.024
-0.539,-0.172
-0.393,-0.473
-0.122,0.786
0.85,0.055
0.033,0.788
-0.365,-0.031
0.522,0.097
-0.319,-0.368
0.651,0.313
0.544,-0.219
-0.525,-0.301
0.235,-0.773
0.801,-0.233
0.752,-0.042
-0.219,0.371
-0.318,-0.759
0.424,0.339
-0.036,-0.412
-0.714,-0.3
-0.016,-0.966
-0.006,0.232
0.393,-0.466
0.342,0.742
-0.35,0.578
-0.349,-0.345
0.727,0.305
0.631,0.091
-0.697,0.321
-0.969,-0.133
-0.038,0.594
-0.115,0.823
-0.564,-0.4
-0.039,0.897
0.088,-0.488
-0.744,-0.353
-0.256,0.758
0.182,0.343
0.156,-0.16
-0.977,0.092
0.14,-0.258
-0.815,-0.229
-0.351,-0.089
-0.142,-0.979
-0.011,0.639
-0.855,0.421
-0.371,0.753
-0.242,0.201
0.186,0.6
0.061,0.042
-0.576,0.232
0.779,-0.492
-0.596,-0.647
-0.84,-0.104
-0.868,0.114
0.567,-0.605
-0.035,-0.73
0.2,0.525
-0.652,-0.614
-0.533,-0.459
-0.043,-0.428
-0.25,-0.093
-0.334,0.041
0.259,0.396
0.428,0.751
0.292,0.903
-0.116,-0.484
-0.25,0.657
-0.202,-0.303
0.092,0.902
0.205,-0.561
0.184,0.445
-0.66,0.276
-0.366,0.37
0.879,0.051
0.34,-0.665
0.164,-0.261
-0.275,-0.856
0.586,-0.13
-0.363,-0.699
-0.528,0.692
0.511,0.424
0.594,-0.246
0.047,0.437
0.279,-0.757
0.8,-0.015
-0.136,-0.799
0.119,0.548
-0.424,-0.126
0.414,0.902
-0.736,-0.578
0.301,0.351
-0.47,0.499
-0.322,-0.083
-0.928,0.171
0.802,-0.28
-0.244,-0.908
0.382,-0.791
-0.725,0.459
-0.622,0.295
-0.185,-0.468
0.417,0.461
-0.114,-0.734
-0.327,0.091
0.408,0.605
-0.213,-0.582
-0.691,-0.224
0.366,-0.231
0.27,-0.752
0.685,0.174
0.747,-0.49
0.103,-0.25
-0.454,-0.547
-0.222,0.538
0.254,0.098
-0.371,-0.537
-0.175,-0.882
0.468,-0.623
0.868,-0.438
-0.226,0.764
-0.573,-0.248
0.283,-0.938
0.155,-0.22
-0.661,-0.03
0.001,-0.873
-0.368,0.687
-0.537,0.166
-0.173,0.085
0.698,0.668
-0.055,-0.41
0.377,-0.442
-0.128,-0.102
0.154,0.978
0.301,-0.836
0.265,-0.124
-0.791,0.491
0.385,-0.311
-0.28,0.213
0.115,-0.663
-0.433,-0.279
0.612,-0.702
-0.011,0.206
-0.481,-0.431
0.449,-0.871
0.578,-0.447
0.396,-0.578
-0.342,-0.257
0.54,0.292
0.618,-0.657
-0.566,-0.423
-0.105,-0.506
0.597,-0.285
0.902,-0.34
0.94,-0.243
0.645,0.452
0.163,0.003
0.178,0.345
-0.497,-0.389
0.599,-0.59
0.808,0.026
0.505,0.545
0.484,0.423
0.022,-0.441
0.891,0.139
-0.68,0.306
-0.553,-0.784
-0.078,-0.457
-0.12,0.31
0.062,0.069
-0.53,-0.707
-0.281,0.515
0.065,0.075
0.175,0.103
0.401,-0.786
0.034,-0.608
0.414,0.152
0.863,0.184
-0.31,0.049
-0.077,0.388
0.287,0.948
-0.944,0.064
0.657,0.591
-0.128,-0.247
0.502,-0.144
0.116,0.08
0.418,-0.216
-0.332,0.379
-0.851,-0.465
-0.925,-0.072
-0.131,0.321
-0.228,-0.628
-0.854,-0.015
-0.78,-0.268
-0.574,-0.366
0.411,0.417
0.561,0.76
0.119,-0.978
-0.938,-0.082
0.038,0.028
-0.486,0.433
0.786,-0.466
0.672,0.514
-0.039,0.149
0.809,-0.196
0.253,0.853
0.419,-0.519
-0.509,0.117
-0.607,0.156
0.137,-0.73
-0.58,-0.013
0.068,0.924
0.119,-0.19
0.902,-0.383
0.051,0.208
0.183,0.902
-0.324,0.845
-0.11,-0.561
-0.076,0.191
-0.014,-0.006
-0.218,0.221
0.023,0.303
-0.411,0.897
0.305,-0.699
-0.031,-0.353
-0.211,-0.689
0.527,0.76
0.361,-0.036
0.789,0.43
-0.24,0.533
0.572,0.816
0.16,-0.336
0.094,-0.923
-0.703,0.168
-0.973,-0.132
-0.799,0.579
0.616,0.735
-0.786,0.218
0.664,0.096
-0.009,0.462
0.17,0.738
-0.043,-0.012
0.815,0.36
0.814,0.145
-0.193,0.381
0.693,0.404
-0.381,0.085
0.917,0.123
0.492,-0.212
0.347,-0.616
-0.084,0.44
0.693,0.24
-0.259,-0.161
0.146,-0.939
-0.289,-0.657
0.851,-0.038
0.448,-0.832
0.304,0.011
-0.524,0.469
-0.166,-0.469
-0.385,0.86
-0.734,0.279
-0.042,-0.836
0.737,-0.074
0.267,-0.718
0.531,-0.032
0.515,0.185
0.335,-0.091
0.392,0.808
-0.406,-0.126
0.119,0.082
-0.383,-0.521
-0.511,0.535
-0.934,-0.216
-0.71,0.071
-0.126,0.288
0.027,0.353
-0.162,-0.37
-0.255,0.735
0.587,0.204
0.392,0.882
-0.478,0.309
-0.367,-0.566
-0.179,-0.111
-0.865,0.264
-0.206,-0.89
0.703,-0.482
-0.42,0.115
-0.065,-0.482
0.04,-0.394
-0.493,-0.172
-0.804,0.437
-0.416,0.827
-0.348,0.798
-0.43,0.61
0.205,-0.588
0.774,0.575
0.381,-0.857
0.027,0.88
-0.311,-0.258
0.948,0.3
-0.517,-0.246
0.553,-0.286
-0.076,0.486
0.365,0.247
0.143,0.857
0.283,0.448
-0.418,-0.02
0.381,-0.475
0.688,0.554
-0.143,-0.249
-0.913,-0.228
0.355,-0.771
0.238,-0.794
-0.377,-0.803
-0.23,0.74
0.472,0.622
0.547,0.076
-0.236,0.375
-0.259,0.797
-0.17,-0.278
0.034,-0.066
-0.411,0.039
0.686,0.525
-0.354,0.871
0.066,-0.69
-0.672,-0.001
0.052,-0.951
-0.067,0.087
-0.108,0.328
-0.496,-0.856
-0.046,-0.571
0.661,0.186
0.693,-0.568
0.663,0.732
-0.17,-0.076
0.247,0.575
0.553,0.5
0.173,-0.055
0.338,0.165
0.633,-0.729
0.109,-0.228
-0.19,0.364
-0.063,-0.669
0.37,-0.656
-0.684,-0.171
-0.01,-0.334
0.718,0.41
0.07,0.512
-0.822,-0.227
0.354,0.784
-0.055,0.622
0.237,0.123
0.283,0.213
-0.099,0.255
0.851,0.263
0.483,0.725
-0.226,-0.688
0.111,0.402
-0.533,-0.561
0.41,-0.039
0.053,-0.056
-0.126,0.776
-0.063,0.664
-0.016,0.339
-0.303,0.722
0.162,0.143
-0.721,0.583
-0.455,0.508
0.537,0.107
-0.146,0.931
0.075,-0.964
-0.957,0.093
-0.884,0.035
-0.594,-0.46
-0.142,0.81
-0.465,-0.783
-0.546,-0.234
-0.296,-0.107
-0.337,0.803
-0.538,-0.8
-0.821,0.08
-0.938,0.267
0.094,0.776
-0.195,0.564
0.036,-0.871
-0.887,0.279
-0.465,-0.624
-0.096,-0.364
-0.117,-0.401
-0.329,-0.819
-0.072,0.001
-0.838,-0.314
0.927,-0.261
0.053,0.12
0.255,0.278
-0.836,-0.232
-0.047,-0.925
0.442,0.679
0.757,0.634
0.922,0.367
0.06,-0.759
-0.721,0.179
0.381,-0.14
0.692,-0.316
-0.309,-0.284
0.875,-0.356
-0.364,0.516
0.361,0.768
-0.669,0.682
0.801,0.473
0.741,0.125
-0.074,-0.979
0.161,-0.107
0.25,0.878
0.186,-0.155
0.135,0.611
-0.893,0.42
0.16,0.683
0.228,0.144
-0.835,0.301
0.46,-0.834
-0.222,0.205
-0.25,-0.454
0.774,0.342
-0.624,-0.771
-0.178,-0.957
-0.231,0.847
0.957,-0.046
-0.012,0.218
-0.168,-0.074
-0.053,0.761
0.589,0.504
0.547,0.432
0.246,-0.601
0.072,-0.152
0.733,-0.608
-0.476,0.626
0.809,0.336
0.449,-0.676
-0.652,-0.714
-0.43,0.055
0.783,-0.025
0.256,-0.556
0.661,-0.483
0.219,-0.743
-0.277,-0.559
-0.817,0.129
-0.336,-0.491
-0.155,0.64
0.245,0.651
-0.497,0.306
0.463,0.744
0.154,-0.578
0.568,0.133
0.157,0.572
0.547,-0.053
0.608,-0.272
0.13,0.52
-0.078,0.28
-0.195,0.679
-0.429,0.524
-0.296,-0.841
0.421,0.088
0.787,0.107
-0.243,0.239
0.066,-0.07
-0.262,0.247
0.334,0.645
-0.875,-0.4
0.187,-0.888
0.341,0.622
-0.588,0.728
0.517,-0.188
0.761,-0.247
0.194,0.924
0.474,0.592
-0.745,-0.249
-0.585,0.383
0.62,-0.193
-0.707,0.388
0.51,-0.808
0.916,0.337
-0.681,-0.607
-0.697,0.118
0.105,-0.835
-0.331,0.766
-0.568,-0.143
0.395,0.401
0.564,-0.122
0.574,-0.628
-0.094,0.384
0.171,-0.406
0.64,0.094
-0.523,-0.011
0.566,0.559
0.751,-0.06
0.559,0.255
0.34,0.827
0.36,0.136
-0.735,0.187
-0.651,0.74
-0.902,0.263
0.642,0.621
-0.347,0.07
0.229,0.171
0.444,0.079
-0.54,-0.786
-0.461,-0.725
-0.744,-0.644
-0.017,0.853
-0.1,-0.245
-0.533,-0.389
0.42,0.001
-0.102,0.414
-0.475,0.369
0.374,0.384
-0.285,0.703
-0.828,0.339
0.211,-0.63
-0.432,0.381
-0.006,0.963
0.632,-0.465
0.243,-0.956
0.179,0.912
-0.226,0.129
-0.361,0.82
-0.169,-0.035
-0.256,0.499
-0.505,-0.844
0.547,-0.506
0.054,0.23
-0.781,0.383
-0.513,0.264
0.105,0.334
-0.645,0.74
0.397,0.676
-0.778,-0.437
0.762,-0.251
0.067,-0.081
-0.156,-0.891
-0.556,0.272
0.77,0.176
-0.647,0.147
0.669,0.227
-0.486,0.815
-0.713,-0.341
-0.957,0.165
-0.418,0.331
-0.819,0.456
-0.091,0.097
-0.45,0.121
0.213,-0.747
-0.94,-0.275
0.187,0.801
0.751,-0.383
0.894,-0.036
0.684,0.086
0.59,0.65
-0.89,0.029
-0.279,-0.061
0.391,-0.272
-0.413,-0.375
-0.478,-0.788
-0.331,0.653
-0.373,0.782
-0.261,-0.655
0.525,0.484
0.209,-0.888
-0.064,-0.454
0.49,-0.028
0.326,-0.366
0.106,0.971
0.205,0.273
-0.567,0.501
0.433,0.095
-0.034,-0.099
-0.068,-0.241
-0.322,0.696
-0.604,-0.151
0.046,-0.305
0.813,0.017
-0.898,-0.303
-0.37,-0.62
0.68,-0.233
0.826,0.262
0.004,0.753
0.139,-0.129
-0.519,0.139
-0.59,-0.509
-0.516,-0.148
0.419,-0.87
-0.743,-0.384
0.27,0.16
-0.665,-0.419
-0.027,-0.967
-0.168,-0.055
0.828,-0.247
0.355,0.861
0.866,-0.297
-0.749,-0.324
-0.781,0.104
0.293,0.716
-0.96,-0.167
-0.071,0.064
0.238,0.882
0.918,0.21
0.271,0.441
-0.632,-0.022
-0.737,0.636
-0.31,-0.021
0.103,0.286
-0.052,0.725
0.121,0.518
0.212,0.416
0.235,-0.722
-0.755,0.155
-0.206,0.976
0.364,-0.681
-0.196,0.565
-0.499,0.082
0.525,-0.392
-0.375,-0.239
0.285,-0.723
-0.355,-0.003
0.244,-0.386
0.37,0.028
0.53,0.196
0.29,-0.826
-0.355,-0.11
-0.272,-0.697
0.3,-0.474
-0.839,-0.36
-0.685,0.579
0.444,0.006
-0.813,-0.181
0.482,0.827
-0.167,0.868
-0.602,0.55
0.642,-0.615
0.02,-0.33
-0.331,0.311
-0.074,-0.691
-0.17,-0.307
0.016,0.422
0.427,-0.084
-0.321,-0.377
-0.081,-0.298
-0.303,-0.927
0.014,0.023
0.33,0.828
0.725,-0.107
-0.367,0.11
0.842,0.175
-0.422,0.52
0.285,-0.393
-0.282,0.554
-0.141,-0.625
-0.427,0.523
-0.748,-0.472
-0.312,0.929
-0.078,-0.14
0.386,-0.268
0.075,-0.407
0.038,0.242
-0.482,-0.823
0.459,-0.219
-0.631,0.722
0.94,0.05
0.299,-0.767
-0.039,0.461
0.866,0.484
-0.688,-0.539
-0.475,-0.801
0.275,-0.08
-0.688,-0.382
0.895,-0.32
0.397,0.262
-0.56,0.478
-0.709,0.366
0.87,-0.17
0.182,-0.248
0.617,0.727
-0.279,0.001
-0.164,0.573
0.593,0.06
-0.071,-0.561
-0.446,-0.099
0.268,0.65
0.874,0.304
-0.741,-0.119
-0.342,0.047
0.132,0.15
0.27,-0.688
0.545,0.764
-0.809,-0.563
-0.127,-0.79
0.32,0.319
-0.114,0.253
-0.32,0.474
-0.517,0.719
-0.881,0.258
-0.245,-0.475
0.468,0.017
0.784,-0.266
-0.266,-0.818
0.438,0.578
-0.285,-0.615
-0.609,-0.763
-0.03,-0.983
0.154,0.945
0.594,-0.705
0.396,0.555
0.035,0.725
-0.947,0.056
-0.76,0.638
-0.33,0.274
0.72,-0.028
0.146,-0.132
0.451,0.891
-0.886,0.156
-0.279,-0.953
0.35,-0.839
-0.092,-0.117
-0.386,0.852
-0.628,-0.656
0.228,-0.34
0.302,-0.795
-0.455,0.202
0.05,-0.232
-0.775,0.561
0.374,0.112
0.237,0.414
-0.767,-0.453
-0.383,0.377
0.424,0.671
-0.026,0.029
-0.901,-0.214
-0.799,-0.374
-0.654,-0.422
0.093,-0.823
-0.079,-0.25
0.069,-0.152
-0.925,-0.192
-0.68,-0.162
-0.546,0.761
-0.45,0.487
0.299,-0.264
0.189,0.787
0.193,-0.436
-0.565,-0.569
-0.607,0.354
-0.513,0.605
0.284,-0.103
-0.598,0.555
0.603,0.536
0.334,-0.495
-0.039,0.321
-0.413,-0.642
-0.736,-0.327
-0.318,-0.504
-0.852,-0.297
0.498,-0.413
0.152,0.724
0.7,-0.169
0.114,0.535
-0.572,-0.136
-0.906,0.127
-0.542,0.334
0.86,0.25
0.8,-0.21
-0.694,0.234
-0.433,-0.277
0.219,0.061
-0.193,-0.374
0.541,0.384
0.148,0.47
-0.547,0.152
-0.637,0.365
-0.392,0.911
-0.206,-0.482
-0.203,0.941
0.29,0.028
0.309,-0.224
-0.369,0.258
-0.711,0.571
-0.866,0.348
-0.877,-0.074
-0.528,-0.191
0.767,0.022
0.242,0.303
-0.67,0.356
-0.426,-0.581
-0.018,-0.343
-0.76,-0.282
-0.696,-0.677
0.505,-0.793
-0.121,-0.789
0.739,0.666
0.362,-0.706
0.415,0.507
-0.315,0.109
0.176,0.889
-0.294,0.709
0.74,-0.393
0.781,0.363
0.703,-0.507
-0.95,-0.144
-0.019,0.18
0.001,-0.823
0.088,0.331
-0.058,0.862
0.864,0.081
-0.206,0.469
0.569,0.097
-0.332,-0.215
-0.442,-0.734
0.268,-0.01
0.498,0.197
-0.239,-0.421
0.33,-0.381
-0.034,-0.751
-0.269,-0.39
0.634,0.027
0.373,0.735
0.682,-0.283
-0.437,0.004
0.742,-0.285
0.428,-0.683
-0.894,-0.128
0.463,0.433
0.704,0.186
-0.667,-0.074
0.971,0.205
-0.315,-0.197
-0.644,0.391
-0.116,0.159
-0.5,-0.789
-0.606,0.723
0.209,-0.088
0.632,-0.372
0.63,0.241
-0.028,0.557
0.038,0.821
-0.265,-0.702
0.36,-0.081
-0.475,0.424
0.818,0.192
-0.332,-0.201
0.807,0.406
-0.222,0.232
0.061,0.145
0.19,-0.665
0.527,-0.506
0.092,0.864
-0.512,0.392
-0.175,-0.285
0.332,0.154
-0.142,0.703
0.289,-0.722
-0.315,0.484
-0.069,-0.424
-0.297,0.92
-0.595,0.57
-0.248,-0.152
0.442,0.718
-0.403,0.87
0.478,0.762
-0.218,0.775
-0.254,-0.955
-0.655,0.648
0.099,-0.13
-0.305,-0.176
0.729,0.202
-0.069,0.239
0.096,-0.424
0.345,-0.829
0.789,0.073
-0.428,0.631
-0.255,0.659
0.781,0.319
0.421,0.594
-0.361,0.131
-0.522,0.735
-0.954,0.205
-0.303,0.611
0.42,0.62
0.112,0.969
0.51,-0.86
-0.03,0.407
0.497,0.423
-0.638,-0.467
0.684,0.094
0.801,0.416
0.254,-0.165
0.93,-0.003
0.352,0.033
0.311,0.615
-0.289,0.352
-0.044,-0.045
0.637,-0.472
0.419,0.135
0.342,-0.814
0.348,0.244
-0.065,0.081
0.359,0.492
0.675,0.627
-0.866,0.386
-0.634,-0.345
0.858,-0.319
-0.019,-0.013
0.336,-0.662
0.454,-0.388
-0.788,0.517
0.319,0.478
0.457,0.679
0.905,0.091
-0.511,-0.803
0.279,0.84
0.971,0.176
-0.326,-0.074
0.34,-0.832
-0.206,-0.451
-0.618,-0.188
-0.123,0.923
-0.787,0.083
-0.138,-0.288
-0.438,0.672
-0.663,0.591
0.157,-0.213
-0.768,0.566
-0.382,0.429
0.187,0.872
-0.367,0.821
0.78,0.396
-0.298,-0.732
0.662,0.727
-0.314,0.686
-0.424,0.359
0.598,-0.097
-0.628,0.125
-0.542,-0.268
0.649,0.148
0.106,-0.226
-0.236,-0.153
0.312,0.506
-0.042,-0.07
0.912,0.271
0.995,-0.062
0.348,-0.813
0.477,0.673
0.29,0.795
-0.297,-0.685
-0.163,-0.885
-0.305,-0.492
0.491,0.393
0.212,-0.361
-0.957,0.035
-0.003,-0.322
-0.716,0.159
-0.465,-0.677
-0.651,0.402
0.24,-0.918
-0.384,-0.147
0.594,-0.292
-0.585,0.194
0.717,-0.39
0.439,0.457
0.873,0.343
0.485,0.695
0.749,0.478
-0.213,0.928
0.809,-0.029
0.247,0.646
0.469,0.622
0.786,0.294
-0.678,-0.306
0.775,0.43
-0.359,-0.43
0.027,-0.363
-0.824,-0.474
-0.579,-0.259
0.153,-0.431
0.159,0.586
0.669,0.229
0.452,0.297
-0.156,-0.359
0.452,-0.629
0.132,0.95
-0.536,-0.702
0.336,0.653
0.665,0.32
0.361,0.38
-0.817,-0.41
-0.14,0.426
-0.557,0.566
-0.529,-0.017
-0.513,-0.066
-0.778,-0.378
-0.88,-0.465
0.689,0.281
0.497,-0.17
0.188,-0.057
0.557,-0.304
-0.142,-0.441
-0.062,-0.444
-0.712,-0.481
-0.627,-0.417
-0.305,-0.621
0.447,0.757
-0.071,0.713
0.595,0.628
-0.358,-0.618
-0.344,-0.675
0.356,-0.82
0.96,-0.054
-0.863,0.408
0.633,0.322
-0.033,0.204
0.315,0.047
-0.09,-0.107
0.319,0.039
-0.658,-0.571
-0.492,-0.251
0.076,0.47
0.406,0.414
-0.128,-0.34
0.126,-0.666
-0.39,-0.599
0.864,-0.093
-0.468,0.455
0.765,-0.263
0.04,0.929
-0.029,-0.176
0.637,0.027
-0.701,-0.512
-0.165,-0.404
-0.092,0.68
-0.503,-0.225
0.432,0.159
0.469,0.716
0.765,0.518
0.153,0.944
0.349,0.128
-0.568,-0.026
-0.816,0.107
0.174,-0.315
0.189,0.801
-0.672,0.595
0.864,-0.394
-0.022,-0.927
-0.196,-0.249
-0.616,0.729
0.182,0.441
0.346,0.357
-0.071,0.854
-0.428,0.173
-0.044,0.942
0.428,0.016
-0.082,0.269
0.749,0.318
-0.85,-0.503
0.325,-0.153
-0.361,0.408
0.423,0.524
-0.486,0.48
0.322,0.906
0.568,0.077
0.888,0.453
0.22,0.541
-0.118,0.083
-0.74,-0.355
0.43,-0.009
0.76,-0.028
-0.378,-0.737
-0.057,0.156
0.242,0.393
-0.347,0.213
-0.234,-0.754
-0.422,0.641
0.846,-0.138
-0.7,0.163
0.526,0.46
-0.271,-0.947
0.547,-0.436
-0.479,-0.706
-0.429,-0.052
0.158,0.04
-0.259,0.295
0.248,0.297
0.189,0.504
-0.568,0.201
0.156,-0.289
0.321,0.873
-0.866,0.262
-0.397,-0.083
-0.203,0.521
0.475,0.568
0.489,0.391
-0.065,0.616
-0.234,0.784
0.356,-0.89
0.493,0.54
0.384,-0.118
-0.104,-0.638
0.139,0.126
-0.025,-0.535
0.754,-0.404
0.121,-0.804
0.029,0.254
-0.399,-0.449
0.623,0.761
0.271,0.57
0.087,-0.878
0.448,0.583
0.348,0.067
-0.673,0.698
0.896,-0.338
0.456,-0.733
-0.299,-0.949
0.271,-0.786
0.119,-0.482
0.703,-0.028
-0.554,-0.593
0.357,0.444
0.58,0.624
-0.553,0.343
0.275,0.715
-0.337,0.199
-0.891,-0.379
-0.731,-0.254
-0.059,0.617
0.726,0.024
-0.546,-0.293
-0.295,-0.235
-0.268,0.092
-0.238,0.124
0.445,-0.165
-0.165,0.305
0.295,0.748
0.343,0.412
0.618,0.201
0.749,-0.644
-0.188,-0.567
-0.534,0.342
-0.654,-0.509
-0.635,-0.658
-0.53,0.195
-0.636,-0.492
-0.868,-0.186
0.532,0.63
-0.507,0.798
0.018,-0.782
0.06,0.915
0.63,0.689
0.759,-0.235
0.646,-0.13
-0.51,0.32
0.756,0.526
-0.361,0.095
0.761,-0.369
0.497,-0.773
-0.455,-0.224
0.447,0.095
0.056,-0.379
-0.502,0.543
-0.418,-0.44
-0.59,0.222
0.504,0.053
0.786,-0.302
-0.335,0.722
-0.847,0.388
-0.353,-0.739
0.374,0.241
0.421,-0.053
0.766,0.465
0.708,0.695
0.476,-0.357
0.098,0.526
-0.298,0.618
0.825,0.2
0.332,-0.466
0.104,-0.543
0.076,0.997
0.839,0.25
0.297,-0.947
0.957,0.012
-0.475,-0.594
0.166,0.325
0.4,0.561
-0.763,0.27
-0.55,-0.516
-0.238,-0.054
-0.182,0.801
-0.169,0.496
-0.008,-0.013
0.779,-0.117
-0.244,-0.154
-0.185,-0.229
0.205,0.357
-0.557,-0.305
0.736,0.136
-0.643,0.052
-0.223,0.038
-0.461,-0.373
0.813,-0.567
-0.636,0.391
-0.498,-0.598
-0.637,-0.513
0.253,0.834
-0.414,-0.501
0.439,-0.475
0.292,0.314
0.659,-0.43
-0.104,-0.118
0.117,-0.475
0.162,0.628
-0.058,-0.807
0.111,-0.134
0.295,0.751
-0.36,-0.023
0.506,0.635
0.926,-0.262
0.623,0.138
-0.597,0.632
0.016,-0.136
-0.187,0.807
-0.211,0.928
-0.334,0.224
-0.493,0.111
0.25,-0.941
0.053,0.63
-0.306,-0.759
0.105,0.989
-0.074,0.669
0.292,-0.857
0.022,0.336
0.829,0.353
-0.55,-0.714
-0.757,0.193
-0.047,-0.159
0.746,-0.183
-0.145,0.085
0.213,-0.089
0.946,-0.08
0.803,-0.108
-0.576,-0.305
-0.196,0.731
0.831,0.515
0.518,0.831
0.48,0.171
-0.478,0.377
0.175,-0.157
-0.52,-0.22
-0.325,0.844
-0.043,-0.758
-0.284,-0.753
0.533,0.025
-0.402,0.081
0.273,0.499
0.848,-0.207
-0.821,0.157
-0.033,0.884
-0.062,0.42
0.091,-0.693
-0.504,-0.622
0.523,-0.589
-0.019,-0.026
-0.949,0.046
-0.982,-0.027
0.102,0.772
0.542,0.184
-1.067,1.334
-1.358,0.898
-1.204,0.777
-0.698,0.638
-1.288,1.303
-1.115,1.23
-1.33,0.805
-1.119,1.377
-1.048,0.604
-0.869,0.966
-1.092,1.414
-0.841,1.264
-0.955,0.66
-1.386,0.74
-0.705,1.058
-0.828,0.713
-1.383,0.721
-1.391,1.254
-0.662,1.24
-0.62,0.939
-1.147,0.842
-0.784,0.551
-0.531,1.162
-0.923,1.464
-0.59,1.221
-0.646,1.032
-0.973,1.412
-0.789,1.35
-0.9,1.224
-1.097,1.186
-1.324,1.184
-0.96,1.491
-1.175,1.136
-0.731,0.778
-1.391,0.99
-1.021,1.274
-1.297,0.889
-0.888,0.679
-0.626,1.005
-1.228,0.615
-0.678,1.025
-1.448,1.182
-0.64,0.662
-1.074,0.776
-0.944,1.25
-0.825,0.599
-0.587,0.992
-0.838,1.169
-0.887,1.388
-0.894,0.671
-0.507,1.059
-0.817,1.091
-0.814,1.377
-0.956,1.244
-1.09,1.443
-1.303,0.94
-1.049,1.498
-1.261,1.366
-0.763,0.589
-1.02,0.757
-1.301,0.978
-0.878,0.843
-1.303,0.812
-1.052,0.829
-1.461,0.875
-0.655,1.043
-1.015,0.554
-1.235,0.609
-0.647,0.967
-1.204,1.333
-1.008,0.819
-1.098,1.445
-1.411,1.076
-0.959,1.326
-1.189,0.824
-0.863,0.563
-1.019,1.121
-0.866,0.641
-0.739,1.113
-1.132,1.042
-1.264,0.854
-0.67,0.794
-1.37,0.911
-0.949,0.853
-1.2,1.167
-1.133,0.819
-0.759,0.904
-0.671,1.277
-1.036,0.761
-0.627,1.11
-0.562,1.162
-0.958,1.123
-1.137,1.433
-1.335,0.934
-0.655,1.0
-1.235,1.324
-1.004,1.285
-1.407,1.105
-0.571,1.252
-1.42,1.143
-1.051,0.67
-1.074,1.037
-0.524,0.872
-1.094,0.789
-1.327,0.929
-1.002,1.336
-0.938,1.385
-1.205,0.713
-0.901,0.692
-0.624,0.923
-0.925,1.49
-1.249,0.894
-0.815,1.34
-1.406,0.911
-1.375,1.112
-0.981,0.642
-1.383,1.181
-0.913,0.845
-0.862,1.342
-1.365,0.76
-0.682,0.663
-1.074,0.85
-0.9,0.725
-0.943,0.759
-0.93,1.461
-1.155,1.233
-0.944,1.471
-0.941,1.488
-1.12,1.324
-0.735,1.382
-0.609,1.106
-1.198,0.93
-0.935,0.795
-0.677,0.932
-1.323,1.097
-0.989,1.181
-0.912,0.63
-0.818,1.304
-0.735,1.04
-1.009,0.957
-0.734,0.729
-1.158,1.462
-1.066,1.097
-1.085,1.243
-0.884,0.851
-1.446,1.12
-1.181,0.535
-0.587,0.937
-1.427,0.957
-0.613,1.278
-1.288,1.202
-0.892,0.786
-1.427,1.07
-0.659,1.115
-0.631,0.921
-0.631,0.8
-1.151,1.055
-1.036,1.409
-1.121,1.287
-1.094,0.706
-1.218,1.38
-1.289,1.339
-0.883,1.068
-0.993,0.968
-1.027,1.156
-0.99,1.094
-0.916,0.582
-0.614,0.929
-1.39,0.922
-0.758,1.136
-1.233,0.663
-0.88,0.679
-0.946,1.148
-1.271,0.721
-1.165,1.01
-0.518,0.875
-1.144,0.559
-0.863,0.907
-0.867,0.809
-1.061,0.596
-1.169,1.197
-1.328,1.167
-0.851,0.529
-1.066,0.66
-0.971,1.458
-0.806,1.054
-1.204,0.884
-1.102,1.135
-0.987,1.352
-0.828,1.014
-1.234,1.416
-1.401,0.835
-0.775,0.725
-1.479,1.098
-1.377,1.069
-0.963,0.508
-0.834,0.58
-1.206,0.89
-1.435,0.844
-0.721,0.851
-1.348,1.206
-1.085,0.513
-1.121,0.809
-1.398,0.942
-1.329,1.154
-1.009,1.137
-0.853,1.102
-0.75,1.167
-1.324,1.155
-0.952,1.015
-0.739,1.318
-0.609,1.002
-1.261,1.091
-0.75,0.951
-1.361,0.701
-1.1,0.709
-0.9,0.862
-0.755,0.732
-1.284,1.352
-0.541,1.161
-1.037,0.741
-0.689,1.244
-1.345,0.856
-1.106,0.687
-1.129,1.059
-0.941,1.131
-0.688,0.61
-0.679,0.682
-1.402,0.97
-1.145,0.621
-1.411,1.193
-0.968,0.847
-0.918,1.233
-1.085,1.461
-1.213,1.11
-0.803,1.449
-1.116,1.447
-0.519,1.025
-0.655,0.807
-0.627,0.819
-0.828,0.712
-1.159,1.466
-0.649,1.11
-1.141,1.062
-0.77,1.188
-0.721,1.187
-0.934,0.746
-0.705,0.625
-1.495,0.954
-1.274,1.408
-1.207,0.922
-0.683,1.028
-1.452,1.141
-0.523,1.005
-0.868,1.082
-1.103,1.245
-0.997,0.827
-0.558,1.223
-1.351,0.681
-0.572,1.218
-0.725,1.108
-0.999,0.799
-0.846,0.616
-1.125,1.235
-1.416,1.04
-0.615,0.806
-1.156,1.383
-1.162,1.001
-0.868,1.282
-1.088,0.656
-0.793,1.37
-0.874,0.977
-0.954,1.194
-0.505,0.958
-0.776,1.368
-0.814,0.65
-0.973,1.363
-1.032,1.128
-0.668,1.052
-1.005,0.841
-1.118,0.996
-0.783,0.746
-1.114,0.938
-1.077,1.237
-0.513,1.088
-0.739,1.329
-1.181,0.892
-0.915,1.114
-0.68,1.117
-1.002,1.484
-0.707,0.961
-0.682,1.089
-0.745,1.359
-1.414,1.128
-0.76,1.217
-0.971,0.931
-1.107,0.629
-1.164,0.65
-1.251,0.739
-1.328,1.228
-0.527,0.899
-0.963,1.169
-0.936,1.152
-1.384,1.097
-0.893,0.628
-0.702,1.275
-0.79,0.684
-0.927,1.354
-0.96,0.54
-1.205,0.727
-1.187,1.159
-1.108,1.24
-1.362,1.163
-0.66,0.709
-1.41,1.244
-1.107,1.186
-0.82,0.815
-0.948,0.881
-0.753,0.807
-0.672,1.095
-0.94,1.348
-0.646,0.85
-1.344,1.054
-1.127,1.004
-1.282,1.219
-1.266,0.842
-0.828,1.064
-1.13,1.353
-1.434,1.087
-0.961,0.899
-0.935,0.701
-0.619,0.734
-1.116,0.532
-0.659,0.941
-1.219,0.591
-0.883,0.878
-1.318,1.159
-1.228,1.165
-0.558,0.955
-1.431,0.853
-0.633,0.816
-0.538,0.977
-1.174,0.576
-0.682,0.78
-1.299,1.272
-0.623,0.988
-1.055,1.368
-0.714,1.284
-0.906,0.969
-1.017,1.186
-0.783,1.263
-1.096,0.586
-1.151,1.132
-1.399,0.851
-1.482,1.016
-0.777,0.827
-0.909,0.704
-0.767,1.402
-1.117,0.713
-1.192,1.065
-0.976,0.8
-0.768,1.081
-1.197,0.637
-0.909,0.985
-0.866,1.314
-1.316,0.698
-1.357,1.214
-1.105,0.617
-1.158,0.703
-0.805,0.772
-1.111,1.258
-0.557,0.869
-0.831,1.354
-1.182,1.225
-1.334,1.174
-0.834,1.102
-0.661,1.32
-1.132,1.316
-0.569,1.159
-0.846,0.699
-0.924,1.409
-0.668,0.66
-0.922,0.52
-1.445,1.089
-1.189,0.559
-1.005,0.568
-1.128,0.689
-0.977,1.358
-0.739,0.696
-1.203,1.409
-1.0,1.435
-0.877,0.614
-0.976,1.04
-1.146,1.045
-1.287,1.175
-0.678,0.634
-1.065,1.246
-0.978,1.164
-0.921,0.733
-1.286,1.081
-0.584,1.225
-1.029,1.016
-1.016,1.303
-1.278,0.783
-1.117,1.444
-1.455,1.017
-1.072,0.565
-0.655,1.161
-0.753,0.857
-1.35,1.312
-0.83,0.807
-0.81,1.013
-1.468,1.042
-1.11,1.409
-0.657,0.743
-1.029,1.148
-0.977,0.672
-1.073,1.058
-0.539,1.097
-1.232,1.149
-1.422,0.902
-1.363,1.203
-0.621,0.822
-0.849,1.34
-0.946,0.928
-1.398,1.252
-0.754,0.875
-0.761,1.285
-1.415,1.029
-1.119,1.282
-0.831,1.262
-1.054,1.235
-1.242,0.71
-1.071,0.69
-0.907,0.959
-0.665,0.992
-0.848,0.585
-1.108,0.832
-0.585,1.082
-0.787,1.08
-0.846,1.068
-0.586,0.756
-0.955,0.691
-1.396,1.143
-1.105,1.369
-1.213,0.879
-0.805,0.64
-1.369,0.674
-0.643,0.885
-1.02,1.468
-0.969,1.483
-0.736,0.834
-1.101,1.422
-0.788,0.707
-0.749,0.625
-1.306,1.128
-1.152,0.903
-0.681,1.127
-0.86,1.398
-1.134,1.194
-1.041,0.862
-1.151,1.199
-0.905,0.817
-1.193,0.835
-0.816,1.459
-0.657,1.219
-0.767,1.16
-0.758,1.356
-1.091,1.478
-1.35,1.069
-0.663,0.675
-0.978,1.384
-1.234,1.274
-0.613,0.899
-0.537,0.861
-0.654,0.71
-0.738,1.315
-0.583,0.852
-0.677,0.663
-0.885,1.146
-0.573,0.824
-1.289,1.113
-0.824,1.336
-0.983,1.5
-0.721,1.235
-0.551,0.861
-0.807,0.84
-1.094,0.878
-1.47,0.964
-0.938,1.163
-1.325,0.947
-1.296,1.071
-0.967,1.396
-0.928,0.909
-1.225,0.646
-1.239,0.808
-1.014,1.165
-1.203,1.149
-0.855,1.346
-0.612,1.235
-1.22,1.392
-0.992,1.298
-1.153,0.911
-1.477,0.977
-1.218,0.991
-1.311,1.025
-1.379,1.069
-0.927,1.223
-0.911,0.84
-0.907,1.176
-0.896,1.391
-1.243,0.652
-0.823,1.098
-0.871,0.927
-1.054,1.418
-1.247,1.321
-0.707,1.26
-1.247,0.764
-0.954,1.035
-1.024,1.194
-1.33,0.844
-1.327,1.337
-0.75,0.603
-1.149,0.581
-0.658,1.043
-1.149,0.983
-0.523,0.872
-0.737,0.928
-1.116,1.323
-1.193,0.887
-0.668,1.234
-0.777,0.922
-0.896,0.641
-1.15,0.786
-0.706,0.626
-0.591,1.275
-1.212,1.319
-1.011,1.107
-0.973,0.598
-0.985,1.12
-0.703,1.158
-1.079,1.137
-0.91,0.71
-0.625,0.832
-0.58,0.802
-0.973,1.133
-1.109,1.332
-0.661,1.203
-1.062,0.825
-1.279,1.092
-0.75,1.075
-1.116,0.594
-1.295,1.282
-0.666,1.267
-1.29,1.336
-1.249,0.716
-0.627,1.181
-1.194,1.207
-0.961,0.553
-0.832,1.278
-1.263,1.146
-0.599,1.043
-0.519,1.073
-0.731,0.601
-1.246,0.871
-0.921,0.56
-0.928,0.93
-1.294,0.903
-0.968,0.983
-1.266,0.992
-1.118,0.883
-1.151,1.262
-1.357,0.827
-1.299,0.912
-1.458,0.883
-0.731,1.284
-0.985,0.588
-0.806,0.842
-0.613,1.217
-1.118,1.224
-1.398,1.146
-1.303,0.75
-0.794,0.693
-1.307,1.29
-1.222,0.65
-1.254,0.913
-0.639,0.943
-1.168,1.408
-1.314,1.384
-1.14,0.785
-1.25,1.331
-1.082,0.879
-0.814,0.682
-1.438,0.858
-1.134,0.837
-0.592,0.888
-0.855,1.034
-0.596,0.804
-0.979,1.045
-1.106,1.035
-0.787,1.107
-1.005,0.967
-1.121,0.989
-1.465,1.031
-1.065,0.515
-1.388,1.206
-1.382,1.078
-0.578,1.126
-0.666,1.133
-1.402,1.025
-0.751,0.736
-0.674,1.311
-0.716,1.222
-0.989,0.711
-0.875,1.467
-0.706,1.318
-1.456,0.974
-0.694,0.989
-1.361,0.855
-1.176,1.266
-0.527,1.11
-1.312,0.657
-1.033,1.446
-0.585,1.197
-0.9,1.426
-1.146,1.076
-0.908,1.201
-0.894,1.336
-1.381,0.739
-0.982,1.023
-1.099,1.025
-1.255,0.961
-0.936,0.593
-1.17,1.427
-0.647,1.249
-1.084,0.925
-1.368,1.21
-0.946,0.804
-0.995,1.078
-0.663,0.701
-0.8,1.221
-0.98,0.512
-1.215,0.834
-0.552,1.129
-1.308,1.156
-1.176,1.031
-1.077,0.709
-1.151,1.346
-1.27,1.3
-1.069,0.819
-0.735,1.384
-1.141,0.606
-1.224,1.221
-0.781,1.038
-0.74,0.707
-1.322,1.193
-1.043,1.438
-1.054,0.922
-0.53,1.084
-1.242,1.244
-0.612,1.303
-1.24,1.412
-1.418,0.799
-1.374,0.833
-0.657,1.275
-1.022,0.954
-0.706,0.659
-1.069,1.404
-0.841,0.846
-1.0,1.112
-1.116,1.317
-0.591,1.176
-0.619,1.287
-0.662,1.19
-0.939,0.576
-0.918,0.771
-1.109,1.297
-0.832,1.463
-0.839,1.157
-0.897,0.738
-1.138,0.862
-0.752,1.053
-1.309,1.097
-1.079,0.862
-1.035,0.686
-1.319,1.316
-1.2,0.78
-0.8,0.709
-0.776,0.78
-0.62,0.995
-1.136,1.091
-0.9,0.527
-0.961,1.131
-1.417,1.11
-1.307,0.987
-1.317,1.07
-0.882,1.439
-0.823,1.231
-0.701,1.27
-0.615,0.691
-1.208,1.412
-0.875,0.555
-1.171,1.004
-1.473,0.874
-1.289,1.077
-0.594,1.017
-1.061,1.007
-1.171,0.744
-0.612,0.69
-1.26,0.895
-1.136,0.759
-0.643,0.713
-1.247,0.726
-0.884,0.846
-0.729,0.815
-0.978,1.464
-1.043,1.26
-1.06,1.476
-1.115,0.533
-0.887,0.758
-1.239,0.82
-0.786,0.881
-0.632,1.236
-0.894,0.661
-0.68,0.62
-1.205,1.153
-0.878,1.326
-1.351,1.07
-0.929,0.625
-1.207,0.968
-0.753,0.735
-0.952,1.489
-0.909,1.075
-1.05,1.178
-1.052,0.974
-1.065,1.441
-1.102,0.828
-1.261,1.172
-1.192,1.424
-0.758,1.104
-1.27,1.113
-0.766,1.063
-0.869,1.426
-1.322,0.839
-0.853,0.981
-0.65,1.247
-0.565,1.113
-0.825,0.724
-1.219,1.385
-0.629,0.974
-1.315,1.249
-1.286,0.62
-1.277,0.98
-0.798,0.79
-1.059,0.62
-0.842,0.579
-0.719,0.855
-1.306,1.34
-0.774,0.978
-0.973,1.078
-0.925,0.906
-1.128,1.294
-1.46,0.912
-1.314,0.736
-0.884,1.101
-1.329,0.933
-0.879,0.78
-0.701,1.366
-0.824,1.029
-0.642,0.686
-1.368,1.264
-0.733,1.021
-0.875,1.075
-1.106,1.16
-1.049,0.539
-0.78,1.309
-1.01,1.216
-0.935,0.64
-1.098,1.336
-1.128,0.534
-0.952,1.206
-1.409,0.984
-1.066,0.594
-0.951,0.873
-0.962,1.477
-1.449,0.792
-0.948,1.328
-1.127,1.365
-1.417,0.85
-1.481,0.901
-1.366,1.097
-1.04,1.049
-0.523,0.925
-0.717,0.983
-0.937,0.933
-0.638,1.061
-1.399,0.806
-1.176,1.123
-1.01,1.152
-0.684,0.627
-0.55,0.907
-0.619,0.707
-1.085,0.702
-0.851,0.775
-0.692,0.841
-0.6,1.293
-0.921,0.937
-0.959,0.523
-0.965,0.601
-0.907,0.597
-1.157,1.088
-1.056,1.135
-0.899,0.534
-1.374,1.045
-1.136,0.619
-0.884,0.819
-1.065,0.676
-0.917,0.592
-1.206,1.081
-0.686,0.683
-1.108,1.242
-0.973,1.232
-1.037,0.697
-1.134,1.091
-1.256,0.638
-1.428,1.065
-1.101,0.732
-0.717,1.308
-0.718,1.37
-1.319,0.954
-0.524,1.016
-0.599,0.975
-1.048,1.159
-1.079,1.387
-1.03,0.55
-0.544,0.919
-1.172,1.033
-0.808,1.412
-0.764,0.969
-1.185,0.561
-0.663,0.801
-1.205,0.625
-0.614,1.267
-0.616,1.094
-0.979,0.667
-0.805,1.038
-0.857,0.583
-1.063,0.655
-1.179,1.13
-0.991,0.97
-0.789,1.299
-1.132,0.802
-0.695,0.973
-0.878,1.066
-0.799,0.981
-1.368,1.299
-1.465,0.839
-1.22,0.915
-0.924,0.83
-0.902,1.122
-1.107,0.871
-0.579,0.874
-0.569,1.039
-1.227,1.099
-1.17,1.296
-1.164,1.286
-0.86,1.122
-1.354,1.286
-0.816,1.456
-0.852,0.82
-1.226,0.571
-1.349,0.894
-0.931,1.22
-1.357,1.323
-1.402,1.169
-1.099,1.338
-0.955,1.311
-1.266,1.156
-0.734,0.873
-1.161,1.234
-1.052,0.873
-1.153,0.935
-1.206,1.314
-1.307,0.626
-0.529,1.041
-0.816,1.129
-0.95,1.4
-0.672,0.651
-0.563,0.963
-1.04,1.12
-0.881,1.439
-0.812,0.634
-0.801,0.856
-1.023,1.002
-0.777,1.375
-1.093,0.708
-1.211,0.701
-0.858,1.222
-0.717,1.379
-0.947,0.704
-1.02,0.598
-1.178,0.826
-1.029,0.58
-1.212,0.682
-1.332,0.662
-0.821,1.064
-1.169,1.244
-1.319,1.246
-1.444,1.165
-0.567,0.916
-0.828,1.077
-1.445,0.871
-0.701,0.806
-1.212,1.217
-1.153,1.076
-0.781,1.283
-1.327,1.021
-1.02,1.465
-0.766,1.218
-0.834,1.03
-1.184,0.964
-0.998,1.482
-1.237,0.747
-0.742,0.751
-1.235,0.623
-1.271,1.038
-0.938,0.72
-0.724,1.348
-0.834,0.619
-0.911,1.335
-1.11,0.694
-1.155,1.355
-1.471,1.035
-1.363,0.691
-1.021,0.977
-0.973,1.464
-0.966,1.433
-0.962,1.21
-0.829,1.243
-1.274,1.233
-0.99,0.629
-0.694,1.264
-1.336,1.055
-0.963,1.214
-0.769,0.785
-0.986,0.906
-0.766,0.799
-0.703,0.735
-0.534,1.11
-1.322,0.811
-1.288,1.275
-0.686,1.004
-0.619,1.272
-0.788,1.418
-0.538,0.914
-0.569,1.014
-0.599,1.049
-1.068,0.995
-0.659,1.297
-0.796,0.95
-1.21,0.926
-1.019,1.423
-1.446,1.184
-0.95,0.651
-1.266,0.882
-1.076,0.68
-0.762,1.404
-1.067,0.763
-1.057,1.387
-0.764,0.71
-1.223,1.377
-1.438,0.765
-1.339,0.856
-0.709,0.606
-0.591,0.819
-0.744,0.589
-0.649,0.657
-0.695,1.032
-0.789,1.368
-1.075,1.261
-0.549,1.017
-1.357,0.904
-1.36,0.833
-1.108,0.94
-0.614,0.74
-0.619,1.086
-1.233,0.831
-1.239,0.97
-1.093,0.651
-1.322,1.236
-1.192,1.329
-1.104,1.202
-1.394,0.863
-1.209,1.201
-1.142,0.607
-0.634,0.925
-1.073,1.49
-0.935,1.326
-1.143,1.032
-0.933,0.859
-1.269,0.806
-1.215,1.385
-1.151,1.31
-0.916,1.135
-1.038,0.829
-1.298,1.328
-0.995,0.511
-1.483,0.953
-0.647,1.195
-0.903,0.774
-0.64,1.043
-1.387,0.825
-1.064,1.317
-0.641,1.141
-1.376,0.714
-1.341,1.141
-0.88,0.839
-1.335,1.251
-0.826,1.147
-0.714,0.607
-0.74,0.834
-1.376,0.721
-0.673,0.623
-0.737,1.194
-1.319,1.128
-0.858,1.16
-1.239,1.294
-1.341,0.698
-1.226,1.216
-0.96,1.253
-0.987,1.388
-0.818,1.048
-1.226,1.006
-0.578,1.107
-1.316,1.279
-1.324,0.905
-1.351,0.879
-0.978,0.949
-0.936,1.024
-0.773,1.018
-0.771,1.264
-0.814,0.934
-0.762,0.712
-1.118,0.927
-0.79,0.658
-0.841,0.853
-1.053,0.9
-0.931,0.841
-0.855,1.443
-0.578,0.859
-0.784,0.66
-0.675,1.05
-0.651,0.807
-1.337,0.82
-0.695,0.756
-0.936,0.803
-0.964,0.572
-1.198,1.381
-0.972,1.091
-0.938,1.405
-1.492,0.927
-0.6,1.061
-0.993,0.817
-1.148,0.951
-1.091,0.611
-0.894,0.881
-0.52,0.947
-1.299,1.249
-1.251,1.155
-1.072,1.38
-1.346,0.812
-0.766,1.363
-1.001,0.516
-1.293,0.849
-1.362,0.866
-0.743,0.927
-1.155,1.097
-0.754,1.237
-1.142,0.706
-1.2,0.73
-1.168,1.006
-0.83,1.111
-1.002,1.229
-1.336,1.11
-1.002,1.304
-0.534,1.031
-1.454,0.794
-1.08,1.185
-0.953,0.599
-1.115,0.986
-1.463,1.073
-0.797,1.038
-1.041,1.026
-1.325,0.832
-0.971,0.59
-0.982,0.745
-1.311,1.215
-0.643,1.337
-1.413,0.824
-1.243,1.146
-0.998,1.081
-1.112,0.611
-1.02,0.766
-0.613,1.27
-0.974,1.085
-1.117,1.441
-0.825,0.554
-1.082,0.639
-1.011,1.344
-1.163,1.328
-0.997,0.876
-0.668,0.952
-1.427,1.22
-1.142,0.588
-1.096,0.797
-1.392,1.201
-1.026,0.716
-0.701,1.367
-1.174,1.41
-0.823,1.223
-1.391,0.996
-0.819,1.448
-0.659,1.183
-0.865,1.406
-1.078,0.921
-1.102,0.663
-0.808,0.663
-1.111,0.99
-1.475,1.047
-0.889,1.211
-0.837,1.276
-1.368,0.98
-1.098,0.574
-1.067,0.697
-1.005,0.643
-1.274,0.606
-0.929,1.408
-1.02,1.033
-1.098,0.53
-1.101,0.881
-0.563,1.051
-1.237,1.313
-1.336,0.66
-0.512,0.971
-1.155,0.899
-0.563,0.767
-1.223,0.557
-0.936,1.383
-1.349,0.856
-1.371,0.744
-1.152,0.665
-0.863,0.91
-0.786,1.434
-1.301,0.686
-1.1,0.94
-0.76,1.218
-1.208,0.972
-0.937,0.542
-0.941,0.714
-1.197,0.908
-0.632,1.031
-1.366,1.182
-1.353,1.1
-1.299,1.1
-0.975,0.994
-0.955,1.05
-0.633,1.062
-1.058,1.438
-1.19,1.423
-0.882,0.918
-1.034,1.078
-1.109,0.828
-1.226,1.009
-0.687,0.701
-0.869,1.428
-0.598,1.072
-1.032,0.896
-1.322,1.221
-1.157,1.471
-0.72,1.346
-0.942,0.809
-0.835,0.843
-0.549,0.948
-0.981,0.709
-1.027,0.753
-0.755,1.383
-0.617,1.085
-0.962,1.47
-1.428,1.007
-0.714,0.771
-1.145,0.91
-0.579,0.981
-0.823,1.299
-0.575,0.878
-1.325,1.056
-0.664,1.339
-1.012,0.949
-1.05,1.431
-0.687,1.027
-1.311,1.331
-0.979,0.901
-0.643,1.079
-1.387,0.955
-1.35,0.909
-1.151,0.941
-1.411,0.793
-1.29,1.25
-1.034,0.864
-0.799,0.789
-1.497,1.009
-0.743,0.616
-0.85,0.931
-1.321,0.888
-1.45,1.13
-0.951,1.203
-1.101,1.456
-1.447,0.91
-1.473,1.103
-1.319,0.771
-1.354,1.142
-1.118,0.896
-0.975,1.478
-1.13,0.873
-0.661,0.843
-1.101,1.088
-1.048,1.442
-1.261,0.739
-1.068,1.018
-1.365,0.674
-0.723,1.039
-1.0,1.158
-1.26,0.641
-1.441,0.986
-0.554,1.155
-1.312,0.703
-0.575,1.119
-0.751,1.052
-0.747,0.658
-0.681,0.719
-0.913,1.337
-1.168,0.758
-1.399,0.732
-0.666,0.949
-0.997,1.467
-1.149,1.212
-1.081,0.69
-0.948,1.007
-1.075,0.644
-0.991,1.235
-0.848,0.689
-1.295,0.857
-1.362,1.289
-1.236,1.22
-1.336,1.361
-0.578,1.102
-1.274,0.716
-1.052,0.791
-0.76,0.659
-1.478,1.054
-0.874,1.203
-1.34,1.319
-0.934,0.543
-1.007,0.589
-0.657,1.357
-0.696,1.318
-0.744,0.998
-1.074,0.844
-1.271,0.676
-0.853,1.09
-0.534,0.913
-1.127,1.087
-1.034,1.169
-0.929,1.485
-1.221,1.218
-0.719,0.79
-1.352,0.7
-1.43,0.754
-1.015,0.798
-1.176,1.036
-1.292,1.398
-0.728,0.996
-1.273,1.362
-1.391,0.736
-0.715,1.364
-1.224,0.692
-1.073,0.726
-0.848,0.624
-1.461,1.156
-1.232,1.373
-1.242,1.212
-0.987,1.365
-0.781,0.684
-0.59,0.986
-1.017,1.373
-0.964,1.04
-0.838,1.145
-1.302,1.336
-0.978,1.262
-0.602,0.809
-0.819,1.328
-0.893,0.938
-0.587,0.845
-1.237,0.916
-0.932,0.996
-1.485,0.992
-0.524,1.08
-0.856,0.739
-0.685,0.725
-1.065,1.017
-1.282,0.959
-1.3,0.63
-0.629,0.803
-0.632,0.841
-1.19,1.012
-0.766,0.597
-0.632,0.922
-0.603,0.941
-1.066,0.695
-1.097,1.254
-0.696,1.215
-1.012,1.31
-0.51,1.025
-1.253,1.21
-0.91,1.183
-0.648,0.694
-0.766,0.563
-1.487,1.074
-0.706,1.31
-0.75,1.132
-0.796,0.896
-0.554,1.009
-0.705,1.367
-0.884,1.137
-1.189,1.326
-0.967,0.583
-1.178,1.069
-1.386,0.83
-1.185,1.162
-0.984,1.238
-1.281,0.801
-0.895,1.233
-0.94,1.402
-1.127,0.591
-1.2,0.832
-1.107,0.634
-1.053,0.92
-0.619,0.688
-1.238,1.254
-1.3,0.795
-1.226,1.222
-0.939,0.878
-0.787,0.899
-0.782,1.352
-0.739,1.107
-1.01,0.895
-0.842,1.151
-0.988,0.79
-0.644,1.201
-0.933,1.028
-1.21,1.154
-0.603,1.147
-1.051,0.747
-0.846,1.203
-0.83,1.244
-1.046,1.213
-1.123,1.181
-1.038,1.323
-1.342,1.082
-1.235,0.929
-1.199,0.963
-1.178,1.175
-0.842,1.394
-0.58,1.005
-1.364,0.923
-1.379,0.959
-1.151,0.662
-1.131,0.544
-0.887,1.421
-1.338,0.888
-1.162,1.45
-0.554,0.94
-1.347,0.686
-1.42,0.968
-0.832,0.597
-1.357,1.283
-0.779,0.805
-0.924,0.85
-0.913,0.64
-0.556,1.193
-0.702,1.06
-0.878,0.746
-1.353,0.831
-1.149,1.1
-1.107,1.188
-1.181,0.944
-0.65,0.848
-1.463,1.072
-1.179,1.32
-1.469,1.085
-1.271,1.243
-1.254,1.274
-1.245,1.345
-0.883,1.345
-0.694,1.361
-0.682,1.047
-1.483,1.1
-0.922,1.233
-1.286,0.993
-0.61,1.3
-1.159,1.471
-0.731,0.727
-1.427,1.159
-0.948,1.263
-1.432,0.909
-1.319,1.052
-0.832,0.729
-1.129,1.291
-1.311,0.929
-0.756,0.706
-0.691,0.73
-1.136,1.36
-0.914,0.659
-1.394,0.708
-1.236,0.972
-0.745,1.288
-0.588,1.022
-1.201,1.176
-1.23,1.356
-1.343,0.771
-0.958,1.015
-1.186,0.954
-1.003,0.558
-0.75,0.725
-1.272,0.963
-0.888,1.316
-1.058,1.368
-1.033,0.666
-0.679,1.245
-0.769,1.017
-1.041,0.557
-0.797,0.993
-0.885,0.989
-1.086,0.997
-0.999,1.435
-1.314,0.997
-0.879,1.153
-1.149,1.315
-1.268,1.04
-1.477,1.077
-1.252,0.64
-1.324,0.77
-1.155,0.633
-1.036,1.399
-0.843,0.633
-0.993,0.708
-1.391,1.026
-0.924,0.799
-0.894,1.316
-0.654,0.95
-0.929,1.104
-0.667,1.168
-1.156,1.374
-1.453,1.173
-0.922,1.218
-1.165,1.17
-0.555,1.002
-1.3,0.841
-1.296,1.011
-0.598,0.796
-0.966,1.081
-0.571,1.001
-0.532,1.099
-0.967,1.004
-1.024,0.586
-0.885,0.598
-0.997,0.981
-0.613,0.79
-0.992,0.966
-1.066,0.714
-0.794,1.389
-1.17,1.167
-1.072,0.644
-1.481,1.073
-0.918,1.255
-0.962,1.462
-1.377,1.045
-0.846,1.208
-0.944,1.034
-1.323,0.843
-1.163,1.28
-1.021,1.269
-0.972,1.153
-1.206,1.378
-0.812,1.061
-0.987,0.899
-1.289,1.116
-0.717,0.685
-1.261,0.61
-1.185,1.28
-1.229,1.105
-0.966,0.739
-1.302,1.049
-1.082,0.752
-1.376,0.987
-1.126,0.807
-0.886,1.053
-1.111,1.222
-1.042,0.928
-1.069,1.048
-0.798,1.088
-1.311,1.222
-1.047,1.178
-1.187,0.584
-0.815,0.734
-0.704,0.649
-0.954,0.961
-0.829,1.269
-0.995,0.783
-0.704,1.332
-0.837,1.364
-0.739,0.767
-1.416,0.853
-1.421,1.088
-0.912,1.419
-1.041,1.241
-1.148,0.634
-0.548,1.133
-1.087,0.827
-1.307,1.224
-0.767,1.241
-1.244,1.184
-0.919,1.142
-1.28,1.114
-0.821,1.358
-1.253,0.813
-0.762,1.146
-0.539,1.151
-0.79,1.037
-0.857,0.766
-0.722,1.166
-0.716,0.929
-0.859,0.706
-0.88,1.395
-1.285,0.866
-0.829,0.557
-1.148,1.396
-0.976,1.436
-0.698,0.952
-0.796,0.792
-1.032,1.151
-0.725,0.974
-1.142,1.124
-1.293,0.775
-1.294,1.039
-0.781,1.323
-1.086,1.109
-1.416,0.784
-0.505,0.962
-0.832,0.901
-1.143,1.226
-1.083,0.921
-0.912,1.009
-0.951,1.253
-1.369,1.032
-0.851,1.395
-1.31,0.7
-0.558,1.144
-0.662,1.046
-0.885,1.457
-1.021,1.373
-1.394,0.985
-1.131,0.729
-1.362,0.761
-0.868,0.854
-0.808,1.096
-1.234,1.031
-0.953,0.548
-1.1,0.705
-1.033,1.131
-1.032,0.528
-1.331,0.632
-1.176,1.353
-0.676,0.967
-0.719,1.115
-1.36,1.083
-0.564,1.108
-1.13,1.281
-1.237,1.43
-0.577,0.968
-0.773,0.782
-0.684,0.941
-0.558,0.795
-1.182,0.556
-0.936,0.842
-1.029,0.924
-0.733,0.842
-0.989,1.468
-0.77,0.888
-0.745,0.663
-0.979,0.863
-0.948,1.373
-1.129,1.029
-1.057,0.505
-1.284,0.785
-1.279,1.303
-1.175,1.255
-0.897,1.004
-1.07,1.489
-1.494,1.002
-0.809,0.673
-0.593,1.238
-0.755,1.227
-1.382,1.146
-1.498,1.021
-1.267,0.841
-1.315,1.245
-0.733,0.636
-1.178,1.284
-1.464,1.126
-0.622,1.119
-0.662,0.661
-0.596,0.942
-1.45,1.124
-0.956,0.885
-1.45,1.156
-0.905,0.614
-1.235,1.008
-0.909,1.009
-0.592,0.877
-0.643,0.881
-0.594,0.823
-0.853,0.989
-0.892,1.214
-1.309,1.112
-0.966,1.405
-1.287,1.395
-0.702,1.266
-0.967,0.915
-1.143,0.584
-1.236,1.146
-0.534,1.098
-0.77,1.278
-0.893,1.192
-1.193,1.279
-0.922,0.671
-0.964,1.472
-0.724,0.671
-0.896,0.777
-1.185,0.651
-1.015,0.802
-0.573,0.835
-1.166,1.101
-1.268,1.191
-1.076,0.901
-1.105,0.768
-1.191,0.78
-0.972,0.587
-0.526,0.966
-0.79,1.381
-1.273,0.889
-1.151,1.281
-1.353,1.015
-0.809,1.328
-0.994,0.891
-1.267,1.409
-1.249,0.86
-0.956,0.624
-1.196,1.26
-0.934,1.136
-0.604,1.042
-0.926,1.359
-1.333,1.051
-0.839,0.889
-1.134,1.243
-0.93,0.94
-1.446,1.013
-1.393,1.093
-0.703,1.138
-1.216,1.148
-0.544,0.986
-1.311,0.841
-0.601,0.699
-0.731,0.733
-1.13,0.95
-1.173,0.574
-0.837,1.012
-1.265,1.422
-1.33,1.307
-1.063,1.253
-1.065,1.088
-1.073,0.697
-1.304,0.879
-1.059,1.146
-0.732,1.19
-0.775,1.37
-0.717,1.214
-0.562,1.003
-1.05,1.113
-0.823,1.032
-1.354,0.736
-0.657,0.676
-0.991,0.865
-1.214,1.29
-0.719,0.587
-0.627,1.101
-0.851,1.074
-0.545,1.155
-1.46,0.96
-1.291,0.943
-1.26,1.09
-0.959,1.13
-0.915,1.001
-1.376,0.701
-1.453,0.919
-0.642,0.658
-1.103,0.855
-0.821,1.301
-1.373,1.313
-0.653,0.919
-1.414,1.223
-1.364,1.255
-1.108,0.538
-1.228,0.557
-0.59,0.906
-0.713,1.209
-1.083,0.964
-1.043,0.962
-1.088,0.972
-1.332,0.789
-1.494,0.999
-1.298,1.387
-1.248,1.425
-1.075,0.95
-1.258,1.099
-0.72,1.329
-0.734,0.909
-0.769,0.807
-0.701,1.085
-0.535,1.069
-0.946,1.38
-1.013,0.762
-1.193,0.792
-0.635,0.757
-0.862,1.43
-0.927,0.932
-1.08,0.805
-0.684,0.952
-1.001,0.868
-1.024,0.664
-1.387,1.077
-0.528,1.125
-0.899,0.65
-0.593,0.711
-1.028,1.087
-1.3,0.914
-1.073,0.984
-1.174,0.807
-0.746,0.792
-0.823,1.468
-0.693,1.197
-1.101,1.317
-1.356,1.306
-0.969,1.368
-1.074,0.735
-0.861,0.584
-1.353,1.344
-0.851,0.7
-1.229,1.223
-0.673,1.07
-1.238,1.332
-0.656,0.945
-1.271,0.631
-1.487,0.937
-1.172,0.658
-1.022,1.485
-0.752,1.37
-0.973,0.641
-0.809,0.857
-0.957,1.211
-0.733,0.938
-0.786,1.3
-1.454,0.911
-1.135,0.765
-0.874,1.083
-0.872,1.328
-0.76,0.869
-0.836,0.639
-0.852,1.057
-1.141,0.538
-1.219,0.98
-0.978,1.019
-0.682,1.301
-1.492,0.973
-0.75,1.082
-0.664,0.943
-1.095,0.669
-0.775,0.567
-0.955,1.306
-1.306,0.966
-1.154,1.175
-0.951,0.68
-0.975,0.769
-1.16,0.977
-0.572,0.858
-0.815,0.922
-0.749,0.856
-1.446,1.045
-1.3,0.623
-1.106,0.542
-0.912,0.687
-0.913,1.272
-1.341,1.095
-0.708,1.229
-1.174,1.452
-1.004,1.296
-1.13,0.743
-1.054,1.353
-1.119,0.919
-0.813,1.447
-1.252,0.74
-0.878,0.998
-1.432,0.968
-0.739,0.844
-0.555,0.864
-1.16,0.835
-1.375,0.926
-0.922,1.023
-0.732,0.958
-1.034,0.513
-1.115,0.773
-0.84,0.644
-0.979,0.556
-1.015,0.742
-1.205,0.844
-0.819,0.889
-0.881,0.571
-0.882,1.101
-1.062,1.172
-1.107,1.318
-1.013,0.793
-1.199,0.771
-0.903,0.958
-1.048,1.308
-0.907,0.515
-0.991,1.472
-0.772,1.285
-1.152,1.437
-0.983,0.636
-1.323,1.359
-1.399,1.288
-1.117,1.184
-1.085,0.832
-1.034,0.861
-0.856,1.325
-1.251,1.188
-1.054,0.771
-1.066,0.893
-0.689,1.148
-0.732,0.701
-0.54,0.832
-1.43,0.974
-0.887,1.138
-1.393,0.778
-1.103,0.677
-1.103,0.58
-0.757,1.435
-1.204,0.918
-0.684,1.387
-0.528,0.952
-1.063,1.186
-0.959,1.069
-1.368,1.028
-0.902,0.948
-0.592,1.03
-1.2,1.418
-0.888,0.877
-1.139,0.917
-0.832,1.024
-0.83,1.118
-0.561,1.072
-1.349,1.098
-1.301,1.141
-1.057,0.641
-1.08,0.711
-0.869,0.883
-0.608,1.115
-1.226,0.588
-1.203,0.595
-1.222,0.833
-1.426,0.963
-0.976,0.687
-1.128,1.318
-0.722,0.801
-0.961,1.173
-0.957,1.219
-1.363,1.13
-1.321,1.088
-1.174,0.738
-1.225,1.182
-0.962,1.453
-0.671,0.74
-0.69,0.889
-0.745,1.342
-1.001,0.716
-1.337,0.918
-1.302,0.619
-0.676,0.9
-1.116,0.957
-1.085,0.823
-1.145,0.702
-1.342,0.868
-0.959,1.206
-0.883,1.06
-1.183,0.725
-1.351,0.92
-1.456,0.972
-0.662,1.234
-0.701,0.822
-0.916,0.7
-0.729,0.755
-1.037,0.862
-1.083,1.265
-0.732,1.33
-1.267,0.896
-1.143,0.963
-0.809,0.742
-1.219,1.0
-1.01,0.976
-0.623,0.992
-1.364,0.949
-0.671,0.843
-0.587,0.892
-0.835,1.253
-1.217,0.894
-1.32,1.257
-1.447,0.885
-0.979,1.43
-0.658,0.964
-0.899,1.018
-0.88,0.674
-1.03,1.181
-0.815,1.223
-1.403,1.186
-0.733,0.945
-0.879,1.119
-0.737,1.087
-0.874,0.749
-1.415,1.136
-0.949,0.753
-1.072,0.643
-1.256,0.941
-0.953,1.285
-0.931,1.331
-0.732,1.194
-1.013,1.459
-1.397,0.924
-0.981,0.734
-1.453,0.799
-1.413,1.058
-1.046,1.389
-1.021,0.504
-1.283,0.979
-1.204,0.879
-0.809,1.099
-0.584,0.973
-1.217,0.871
-0.948,1.163
-1.148,1.453
-1.235,0.696
-0.703,1.183
-1.22,0.598
-0.627,1.02
-0.62,1.2
-1.053,1.267
-1.251,1.148
-1.029,1.137
-1.22,1.15
-0.773,0.808
-1.011,1.158
-1.286,0.81
-0.846,1.205
-1.304,1.226
-0.813,1.389
-0.778,1.253
-1.126,1.153
-1.165,0.539
-1.077,1.432
-0.734,0.813
-1.16,1.036
-1.147,0.903
-0.96,0.963
-1.162,1.013
-0.633,0.887
-1.479,0.946
-0.659,1.035
-0.778,0.878
-1.318,0.979
-0.546,0.828
-1.153,1.347
-1.221,0.565
-0.99,1.173
-0.87,0.989
-0.705,1.185
-1.079,0.896
-1.269,1.194
-0.981,0.649
-1.068,0.52
-0.88,1.01
-1.386,0.709
-0.928,1.317
-0.929,1.434
-1.236,0.832
-0.856,1.018
-1.24,1.251
-1.207,0.903
-1.161,0.531
-1.241,1.161
-1.353,0.822
-0.706,0.881
-1.196,1.278
-0.502,0.978
-0.613,0.72
-0.869,1.282
-1.46,0.882
-0.729,0.998
-0.992,0.878
-1.286,0.902
-0.575,0.752
-1.361,1.2
-0.568,0.989
-0.994,1.071
-0.897,1.344
-1.128,0.541
-0.958,0.75
-1.15,1.284
-0.916,0.908
-0.907,0.989
-1.169,0.941
-1.32,0.625
-0.586,0.878
-1.22,1.052
-0.849,1.269
-0.983,0.544
-0.819,0.905
-1.31,0.67
-1.178,0.775
-0.638,0.798
-0.661,1.319
-1.16,0.671
-1.15,0.629
-0.795,1.001
-0.569,0.974
-0.737,0.644
-0.746,0.812
-1.257,0.71
-0.746,0.59
-1.338,0.702
-0.988,0.754
-1.17,0.793
-1.096,1.111
-0.816,0.9
-0.528,1.101
-0.685,0.905
-0.965,1.302
-0.916,0.58
-0.731,0.967
-1.048,1.337
-0.778,1.188
-1.458,1.033
-1.312,0.801
-1.075,0.508
-0.616,1.27
-1.457,0.834
-0.513,1.101
-0.566,1.158
-0.786,0.764
-1.372,0.938
-1.133,1.338
-1.003,1.229
-1.056,1.223
-0.68,0.959
-1.064,1.046
-1.026,1.332
-0.987,1.294
-1.112,1.439
-0.94,0.645
-0.956,1.043
-0.776,1.152
1.029,0.748
0.597,1.019
0.767,1.362
0.923,0.79
1.497,0.968
0.824,1.162
0.957,0.972
0.998,1.084
1.356,1.326
0.651,0.824
0.903,1.23
1.39,0.972
1.177,0.782
0.81,1.042
1.35,1.231
1.123,0.626
0.694,0.642
0.997,1.195
1.385,1.076
1.147,1.318
0.803,1.346
0.993,0.774
0.966,0.591
0.763,0.723
1.374,1.124
1.436,1.199
0.766,1.294
0.715,1.111
0.551,0.796
1.296,1.038
0.942,0.874
0.961,1.4
1.149,1.238
1.194,1.376
0.9,0.533
0.933,0.683
1.19,1.225
1.204,0.792
0.87,0.821
1.097,0.875
0.912,1.191
1.399,0.826
1.312,1.274
1.303,1.183
1.247,1.333
1.083,0.872
1.104,1.247
0.674,0.687
1.245,1.085
0.965,0.753
1.143,1.108
0.919,1.185
1.099,0.717
0.94,1.386
0.868,1.181
0.946,1.048
1.183,1.234
1.062,0.961
1.094,1.001
1.175,1.173
1.194,0.673
0.786,0.902
0.554,1.155
0.587,0.748
0.943,0.593
1.212,0.989
0.903,0.68
0.789,0.798
0.674,1.03
0.776,1.147
1.21,0.895
0.75,1.034
1.035,1.157
1.173,0.868
0.989,0.62
1.251,0.95
1.287,1.1
1.333,1.189
1.319,0.729
0.818,1.023
0.918,1.247
1.281,1.363
0.907,0.957
1.095,0.561
1.064,0.931
1.392,0.92
0.633,0.879
1.151,0.948
1.163,1.082
1.21,0.899
1.31,0.627
0.909,1.108
0.918,0.731
0.705,1.244
0.861,0.832
1.429,1.099
0.559,0.911
1.182,1.354
1.141,0.843
0.681,0.876
1.168,0.592
0.826,1.406
0.816,1.31
1.196,1.366
0.739,0.671
0.937,1.174
1.324,0.882
1.199,1.164
1.389,0.86
0.902,0.764
0.9,1.001
1.149,0.982
0.567,1.145
0.848,0.682
1.192,0.839
0.68,0.869
0.911,0.715
0.571,1.17
0.781,1.24
1.101,0.942
1.004,0.64
1.008,1.379
0.856,1.026
0.71,0.914
0.583,0.965
0.78,0.666
0.727,1.32
1.34,1.166
1.046,1.313
0.596,1.05
1.015,1.36
1.108,1.309
0.849,0.963
0.551,1.066
0.613,0.687
0.951,1.144
1.275,0.868
0.686,1.11
1.326,0.774
0.971,0.585
0.687,0.881
1.095,1.433
1.297,0.98
0.548,0.855
0.936,1.307
1.185,0.562
0.781,0.895
1.203,0.633
1.149,1.005
1.303,0.828
0.786,0.659
1.086,1.173
1.062,0.716
1.04,0.954
0.564,0.769
0.913,1.382
0.977,0.662
1.129,0.67
0.978,1.051
0.89,0.564
0.828,1.142
0.86,0.909
1.067,0.771
0.622,1.25
0.663,1.361
0.576,0.759
0.893,1.012
1.28,1.181
1.234,0.92
0.618,1.288
1.393,1.033
1.288,0.681
1.183,1.35
0.645,1.049
1.018,0.848
1.195,1.455
0.537,1.049
0.696,0.976
0.661,0.767
1.31,1.128
1.239,0.76
0.947,0.976
1.27,1.144
1.117,0.896
1.172,1.197
1.453,1.122
0.948,0.833
0.672,0.822
0.614,0.917
1.102,1.186
0.79,1.294
0.946,1.119
1.25,0.674
0.7,1.064
1.274,0.641
0.961,0.623
0.946,0.62
0.778,1.114
0.826,1.455
1.198,1.188
0.708,0.798
0.937,1.218
0.574,1.025
1.359,1.211
1.027,1.412
1.436,0.78
1.109,1.045
0.873,0.695
1.087,1.022
1.043,0.708
0.511,0.923
1.276,0.906
0.936,1.385
1.461,1.176
0.552,1.098
1.203,0.794
0.757,0.956
0.814,1.094
1.207,1.064
0.972,0.963
1.434,1.097
1.119,0.742
0.748,1.07
1.427,0.779
0.907,0.726
1.274,0.649
1.141,1.347
0.596,1.036
0.68,1.115
1.021,0.678
0.547,0.985
0.655,1.345
1.283,1.007
0.975,0.792
0.849,1.17
0.629,0.719
0.862,1.237
1.29,0.859
0.715,0.691
0.833,1.278
1.048,1.083
0.912,1.468
1.375,1.129
1.162,1.292
0.881,1.331
0.588,1.071
1.342,0.763
0.975,1.194
1.42,1.162
1.247,1.06
0.636,1.095
0.578,1.232
1.191,0.827
1.119,1.08
1.143,1.184
1.064,1.02
1.381,0.843
0.679,1.181
1.077,1.083
0.527,1.132
0.623,1.154
0.772,1.252
1.229,0.599
1.167,1.343
1.454,1.177
1.19,1.142
1.256,0.925
1.34,0.743
0.909,1.071
0.982,1.088
0.902,1.151
1.238,0.691
1.053,0.509
1.413,0.734
1.008,1.411
1.323,0.945
0.763,1.121
0.717,0.77
1.057,1.36
1.177,1.199
1.04,0.904
0.968,1.376
1.138,1.115
0.884,1.285
1.044,1.04
0.971,1.264
0.926,1.239
1.046,1.041
1.088,1.443
1.17,0.564
0.796,1.448
0.772,1.252
1.351,0.778
0.965,0.654
1.473,0.903
0.982,1.016
1.344,0.697
1.134,1.125
0.737,1.331
1.185,0.989
1.223,1.203
1.314,1.252
0.886,0.756
0.694,0.7
1.314,1.189
0.704,0.702
0.706,1.151
1.058,1.062
1.282,1.344
0.95,1.329
0.91,1.192
1.309,1.388
1.09,1.221
0.983,1.259
1.203,0.984
0.649,1.243
0.969,0.849
0.894,0.665
0.904,0.918
1.339,1.167
1.305,0.885
0.6,1.049
0.952,1.344
1.164,1.336
1.414,1.039
1.278,0.982
1.432,0.864
0.863,1.254
0.825,1.0
1.031,1.153
0.954,1.357
1.086,0.588
1.451,1.176
0.602,1.189
0.785,0.73
0.789,1.18
1.048,1.051
0.94,0.756
0.745,1.405
0.926,1.48
1.066,0.972
1.069,1.184
0.578,0.783
0.894,1.159
0.859,0.749
1.355,1.149
1.053,0.914
1.153,0.725
0.88,1.046
0.832,0.714
0.768,0.776
0.953,0.711
0.523,1.071
1.486,0.901
0.951,0.624
1.199,0.827
1.03,1.115
1.163,1.327
0.844,0.862
0.96,0.738
1.361,0.909
0.751,0.766
1.161,1.272
1.081,0.929
0.916,1.266
1.255,1.094
1.07,1.316
0.837,1.209
1.0,1.01
1.139,0.577
0.905,1.277
0.908,0.7
1.254,0.669
0.883,1.04
1.232,0.652
0.921,1.419
1.221,1.398
1.068,0.715
1.387,0.879
1.196,1.295
1.249,0.752
1.042,1.255
1.162,1.273
0.937,1.348
0.76,1.369
0.591,0.842
0.622,1.252
1.285,1.11
0.963,0.97
1.365,0.871
1.209,1.042
0.61,0.931
0.59,1.233
0.922,1.31
1.345,1.292
1.374,0.788
0.741,0.593
1.263,1.255
0.678,1.176
1.041,0.757
1.329,1.263
0.7,0.626
0.841,1.228
1.323,0.748
0.988,0.811
1.146,1.172
1.277,1.271
0.935,1.141
1.467,1.11
0.551,0.886
0.873,0.554
1.312,1.137
1.383,1.182
1.353,0.707
0.61,1.014
1.432,1.218
1.392,1.192
0.559,1.137
0.987,1.463
0.723,0.804
1.444,1.11
1.035,1.309
0.749,1.34
0.887,0.94
0.584,0.882
0.551,1.052
1.088,0.814
0.579,0.871
0.894,1.395
0.9,0.602
0.656,0.813
0.99,1.053
0.936,1.247
1.451,1.174
0.578,0.841
1.45,0.903
1.176,1.046
0.871,1.02
1.387,0.995
0.715,0.622
0.524,0.996
1.179,0.668
0.954,1.311
0.778,1.198
0.956,0.756
1.317,0.858
1.19,0.881
0.852,0.676
0.526,1.091
1.133,0.7
1.285,0.971
1.39,1.15
1.054,0.712
1.104,0.63
0.602,1.036
0.683,0.733
1.015,0.566
1.095,1.171
1.047,0.872
1.053,0.983
1.159,1.013
0.774,1.377
1.056,0.712
1.233,1.345
0.6,0.746
0.92,0.653
0.757,1.213
1.216,1.163
1.07,1.477
0.993,0.949
0.946,1.184
1.106,1.342
0.587,0.907
1.207,0.757
1.034,1.003
0.975,1.346
0.768,0.732
1.325,1.322
1.031,0.522
1.289,1.251
0.901,0.522
0.794,0.577
0.994,1.108
1.088,0.541
0.729,0.726
0.889,1.384
1.319,0.851
1.121,0.522
0.55,1.202
0.834,1.137
1.281,0.69
0.967,1.368
1.185,1.36
1.376,1.162
0.686,0.877
0.835,0.689
0.628,1.183
1.108,1.348
0.948,1.262
0.877,1.381
1.047,1.477
1.081,1.22
0.841,0.598
0.948,0.906
1.408,0.999
0.839,0.733
0.952,0.609
0.697,1.208
0.77,1.233
1.347,0.984
1.055,1.138
0.939,1.486
0.974,1.483
0.956,1.101
1.088,1.436
0.745,1.093
1.28,0.71
0.972,0.767
0.922,1.215
0.93,1.465
1.16,0.751
0.947,0.674
1.001,0.55
0.721,0.909
0.744,1.081
0.777,0.797
1.365,1.017
1.107,1.334
0.8,1.452
0.685,1.173
1.355,0.906
0.927,0.546
1.19,0.761
0.752,0.783
1.053,1.439
0.787,1.164
0.869,1.001
1.201,0.938
0.813,0.62
1.43,0.87
0.845,0.608
0.568,0.84
1.107,1.255
1.07,1.205
0.964,1.304
0.982,0.77
0.82,1.407
0.568,0.967
1.129,0.859
0.719,1.359
1.386,1.24
0.844,1.196
0.971,0.658
1.004,1.155
0.671,0.843
0.995,1.166
1.269,1.01
1.08,0.641
1.047,1.355
1.365,1.016
1.203,0.957
0.947,0.759
1.085,1.249
0.689,0.75
1.22,1.216
1.274,0.841
0.806,0.752
0.781,0.679
0.88,1.146
1.264,1.159
0.995,0.873
1.262,0.78
0.969,0.811
0.616,0.868
0.64,0.71
1.228,0.673
1.021,0.798
1.363,0.773
1.263,1.052
0.912,1.472
1.015,0.554
0.744,0.771
0.849,1.456
0.613,1.159
1.489,0.949
1.047,0.935
1.232,1.408
0.684,0.76
0.595,1.261
1.325,0.81
0.632,1.18
0.987,0.555
0.656,1.242
0.779,1.293
0.927,1.225
0.962,0.557
0.825,1.4
1.206,1.392
0.777,0.912
1.172,1.387
0.693,0.914
0.952,0.786
0.899,1.321
0.762,0.899
1.047,0.798
1.084,1.013
1.074,1.173
0.96,0.956
1.129,0.605
1.035,0.829
1.156,0.808
1.047,1.351
1.493,1.071
1.476,1.097
1.236,1.439
0.896,1.414
0.557,1.124
1.476,1.052
1.095,1.331
1.186,1.383
0.93,1.096
0.97,1.249
0.956,0.743
1.209,1.075
1.391,1.07
1.127,0.578
1.037,1.063
1.424,1.004
1.429,0.824
1.052,1.293
1.324,0.8
0.877,0.734
0.677,0.838
1.305,0.695
0.935,0.703
1.056,0.739
0.854,1.066
0.834,0.949
1.32,1.011
1.124,1.139
0.943,0.7
0.922,0.557
0.94,1.134
0.679,0.874
1.029,0.785
0.814,1.268
1.105,1.341
0.923,0.83
1.103,0.857
1.338,1.238
1.369,0.775
0.668,1.014
1.258,1.182
1.19,1.134
0.713,0.779
1.084,1.045
1.324,0.796
0.98,1.452
1.27,1.262
1.252,1.176
0.807,1.173
1.334,1.268
0.6,1.164
1.332,1.311
1.177,1.41
1.004,0.73
0.983,0.6
1.496,1.039
1.091,0.533
1.108,0.744
0.787,0.758
1.034,0.762
0.666,1.121
1.432,1.003
0.677,0.735
0.958,0.574
1.032,1.466
0.653,0.79
0.827,0.57
1.333,1.036
0.583,1.196
0.985,1.299
0.783,1.17
0.773,1.188
0.551,1.077
1.165,0.734
1.215,1.415
0.633,1.088
0.914,1.454
1.478,0.992
0.738,1.058
0.593,1.289
1.0,0.559
0.896,0.679
0.74,0.94
0.921,0.595
1.233,1.439
1.204,0.756
1.104,0.982
1.014,0.663
0.982,1.457
1.187,0.677
0.74,0.932
0.529,1.067
1.389,0.972
1.236,0.99
0.921,1.335
1.336,0.962
1.124,0.547
0.781,1.309
1.111,1.332
0.905,0.646
1.257,0.864
0.807,0.967
0.673,1.33
0.521,1.095
1.201,1.135
0.705,0.82
0.919,1.015
1.197,0.648
1.393,1.264
1.338,0.642
1.391,0.78
1.468,1.112
1.034,1.413
1.029,0.548
1.381,0.904
0.967,1.272
0.858,0.816
1.211,0.552
1.088,0.644
0.638,0.914
0.852,0.893
0.556,0.946
1.387,0.805
1.186,1.141
0.824,0.954
1.144,0.984
0.732,1.373
0.704,0.677
0.767,1.406
1.106,1.104
1.054,0.744
1.044,0.679
0.887,1.222
1.118,1.143
1.386,1.28
0.809,1.177
1.237,1.367
0.907,0.732
0.594,0.71
1.062,0.825
0.815,0.733
0.954,1.479
1.381,1.23
1.113,0.701
0.73,0.777
0.893,0.995
0.666,0.867
1.218,0.608
1.232,0.803
0.67,0.631
1.181,0.706
0.72,0.903
0.911,1.444
0.718,1.235
0.852,1.179
1.073,1.054
1.374,1.323
0.563,1.094
0.712,0.644
1.338,0.733
1.083,1.122
0.796,0.725
1.078,1.243
0.717,1.308
0.904,0.535
0.584,1.08
0.956,1.259
0.559,1.182
0.813,1.41
0.598,1.113
0.944,0.508
0.918,0.688
0.787,0.953
0.899,0.546
0.562,1.011
0.776,0.63
0.857,0.812
1.029,1.334
0.755,0.762
1.146,1.163
0.879,1.225
0.513,1.042
1.01,0.66
1.232,0.569
1.077,0.628
1.171,1.426
0.541,1.015
0.614,0.866
1.005,0.733
0.908,0.956
0.964,1.394
0.656,1.142
1.067,0.629
1.315,1.257
1.086,0.858
0.749,1.306
1.269,0.645
1.006,0.99
0.913,1.362
1.054,0.961
0.617,1.146
1.108,1.216
0.92,1.219
0.847,1.192
0.934,0.764
0.968,0.705
0.733,1.337
1.083,0.677
1.032,1.179
1.396,0.9
1.182,0.566
1.071,0.901
1.118,1.03
0.99,1.49
0.719,0.826
0.727,1.349
1.306,1.225
0.551,1.218
0.862,1.103
1.118,1.099
1.043,0.877
0.604,1.115
0.853,1.437
0.647,1.253
0.991,0.827
1.388,0.989
1.274,0.662
1.29,0.701
0.754,1.209
1.16,1.451
1.018,0.732
1.431,1.242
1.055,0.877
0.577,0.942
0.695,1.003
0.977,0.838
0.999,1.07
0.777,1.182
1.074,0.868
1.065,1.479
1.129,0.68
0.993,0.714
0.973,0.728
1.232,0.77
0.534,0.965
0.923,1.201
0.912,0.889
1.236,0.728
1.07,1.47
1.253,0.96
1.064,0.562
0.687,1.286
1.044,0.665
1.23,0.898
1.143,1.26
0.859,0.612
0.629,0.86
0.905,1.01
0.915,1.493
1.403,1.051
1.1,1.181
0.521,0.928
1.098,1.289
1.429,1.06
1.22,1.27
0.601,1.267
1.495,1.004
0.785,0.687
0.961,0.504
1.348,0.995
0.648,1.304
1.213,1.432
0.723,0.772
0.649,0.783
1.318,0.67
1.187,1.015
0.691,0.684
0.668,0.817
0.814,1.143
0.543,0.874
0.737,1.326
1.474,1.048
1.283,0.887
0.661,1.153
0.675,0.9
1.052,1.215
0.874,1.358
1.258,1.24
0.956,0.796
1.404,1.162
1.043,1.015
0.658,1.02
0.755,0.629
0.686,1.356
1.187,1.124
1.143,1.25
1.187,1.032
0.922,0.652
1.274,0.759
1.245,1.396
1.089,1.139
1.46,1.065
1.12,1.366
1.316,1.259
1.472,1.036
0.702,0.949
1.366,1.222
0.601,0.753
0.554,0.946
1.02,0.734
1.2,1.426
0.845,0.721
0.85,0.754
0.796,0.671
0.779,1.351
0.714,1.02
1.144,1.185
1.313,1.132
1.08,1.415
1.457,0.951
0.845,1.033
0.861,1.084
0.743,0.662
0.631,0.959
1.179,0.564
1.012,0.642
1.354,1.044
0.958,1.175
0.63,1.071
1.381,1.307
0.741,0.742
1.106,1.288
1.077,1.383
0.702,1.119
1.229,1.007
0.625,0.909
1.115,1.466
0.774,1.172
1.21,1.401
0.86,0.738
0.88,0.829
0.76,0.821
1.384,0.794
1.027,0.74
1.086,1.206
1.343,1.043
1.43,0.75
0.613,0.945
0.888,1.2
1.143,0.641
1.18,0.815
0.781,1.138
0.769,0.748
1.028,0.945
0.908,0.709
0.637,1.101
0.66,1.31
1.041,0.535
0.52,0.944
0.704,1.204
1.145,0.732
1.34,1.162
0.919,1.272
0.846,1.026
0.966,0.889
0.652,0.837
0.984,0.95
0.959,0.791
1.049,1.001
0.603,1.268
0.738,1.306
1.002,0.827
0.973,1.245
1.105,1.253
0.652,0.922
1.07,1.424
0.973,0.559
1.47,1.083
1.194,1.03
0.503,1.006
1.093,0.838
0.542,1.06
1.078,0.685
1.28,0.975
0.77,0.857
1.003,1.276
0.584,0.827
0.807,1.147
1.449,1.15
1.169,0.713
0.921,0.954
1.305,1.342
1.162,1.372
0.832,1.092
0.906,0.796
0.83,0.703
0.742,1.023
0.861,0.846
0.739,0.946
0.715,1.026
1.138,0.879
1.147,1.254
1.328,0.719
1.319,0.688
0.939,0.904
0.592,0.92
0.591,0.769
0.79,1.367
0.852,1.451
1.435,0.987
1.414,1.087
1.422,1.093
0.909,0.933
1.102,0.791
1.012,0.836
0.683,0.973
1.147,0.615
0.937,0.988
0.886,0.763
0.712,1.289
1.472,0.986
0.95,1.391
0.824,0.558
0.881,1.187
0.788,1.255
1.33,1.201
1.492,0.939
0.949,0.569
0.963,0.757
0.878,1.077
1.027,0.518
1.281,1.178
1.04,1.027
1.425,1.176
0.926,1.249
1.141,1.28
1.028,0.638
1.026,0.724
0.643,1.297
1.132,1.242
0.868,1.022
1.429,0.821
1.249,0.845
1.018,0.734
0.861,0.914
0.746,1.415
0.629,0.818
0.965,1.274
0.952,0.647
1.198,1.371
0.903,1.302
1.123,0.622
1.28,0.953
1.009,0.596
0.959,0.546
0.815,0.979
0.693,0.634
0.64,1.293
0.77,0.847
1.078,0.65
0.997,0.707
0.519,1.019
0.737,0.926
0.77,1.439
1.248,0.966
0.609,1.003
1.109,1.478
0.628,0.763
0.84,1.236
0.593,1.231
0.937,1.212
0.552,0.879
0.734,0.891
0.975,0.742
1.311,0.995
0.882,1.275
0.744,0.895
0.991,1.035
0.699,0.864
0.745,1.177
0.598,1.082
0.95,0.636
1.378,1.048
1.179,1.319
0.785,1.071
0.892,1.398
1.19,0.8
0.964,1.408
0.603,0.886
0.777,1.396
1.099,0.709
1.087,0.808
1.09,1.293
1.425,0.772
1.026,0.894
0.552,1.066
0.852,0.931
1.353,0.816
1.39,1.175
0.79,0.994
0.746,1.214
1.026,1.124
1.351,0.848
0.962,0.987
1.167,0.574
1.014,0.871
0.925,0.544
1.303,0.666
0.755,0.624
1.242,1.43
0.592,0.791
1.044,0.987
1.14,0.593
1.243,0.816
1.119,0.724
1.164,1.294
1.447,1.188
1.051,1.25
1.024,0.981
1.308,1.015
1.303,0.7
0.798,1.31
1.269,1.149
0.764,0.614
1.073,1.454
0.537,1.073
0.99,0.515
1.021,1.457
1.158,0.849
1.237,0.794
0.65,0.985
0.749,0.913
1.014,0.954
1.321,0.853
1.235,1.286
0.876,0.998
1.051,1.223
0.784,0.836
0.816,0.686
1.017,1.027
1.087,1.399
1.226,0.997
1.369,0.955
1.324,0.707
1.198,1.426
1.002,0.91
0.597,0.782
0.771,1.138
0.983,0.502
1.228,0.564
0.671,0.655
1.089,1.215
1.263,0.855
0.623,0.939
1.303,0.988
1.157,1.001
0.614,1.027
1.459,1.112
1.128,0.753
0.871,1.177
0.88,1.45
0.774,1.358
1.323,1.37
1.21,1.428
0.956,0.618
1.313,1.202
0.857,0.564
1.319,1.289
1.066,0.797
0.863,0.909
1.041,0.929
0.756,0.739
0.832,0.845
1.369,0.693
0.637,0.84
1.127,0.897
0.694,1.393
1.042,0.797
0.631,1.159
0.544,0.982
0.704,1.248
0.976,1.482
1.242,1.041
1.437,0.919
0.746,1.042
0.946,1.293
0.64,0.81
1.264,0.681
0.842,0.888
0.627,1.212
0.616,1.032
0.732,1.316
1.257,0.744
1.245,1.4
1.432,1.06
1.05,1.147
0.947,1.47
0.834,1.468
1.059,0.816
0.605,1.004
0.795,1.209
0.917,1.187
0.654,0.689
1.205,1.159
0.968,1.261
1.049,1.054
1.076,0.786
1.216,1.156
0.92,1.335
0.576,1.258
0.751,0.82
0.86,1.278
0.805,0.947
0.968,1.186
1.137,1.154
0.582,1.192
0.788,0.628
0.53,0.855
1.441,0.836
0.94,0.81
1.063,0.892
0.569,1.04
0.822,1.32
0.822,1.048
1.331,0.794
1.259,0.825
1.373,1.177
0.785,1.369
0.753,1.003
1.225,1.141
1.052,1.234
0.639,1.052
0.779,1.171
1.42,1.03
0.834,0.586
0.973,1.098
1.152,0.537
0.644,1.142
1.017,0.715
1.117,0.951
1.274,1.226
0.741,1.283
0.638,0.689
1.42,0.916
0.647,1.048
1.462,0.825
1.293,1.002
1.078,1.476
0.671,1.343
0.543,1.181
0.754,0.65
1.176,0.769
1.243,1.376
1.219,0.781
0.811,0.969
1.171,0.853
1.297,0.707
0.907,1.006
0.867,0.676
1.016,1.144
1.296,1.316
1.223,0.857
1.054,0.725
1.294,0.8
0.619,1.134
0.667,1.357
0.942,0.655
1.384,1.259
1.054,1.091
0.921,0.608
0.793,0.837
1.241,1.109
0.735,0.932
1.034,0.645
0.824,1.408
1.229,0.899
0.824,0.917
1.357,0.87
1.394,0.813
0.66,1.333
0.647,0.779
0.633,1.07
1.089,0.685
1.14,0.715
1.104,1.296
1.38,0.792
0.921,0.686
0.697,0.624
0.718,0.588
1.29,1.265
1.419,0.752
1.084,1.313
1.002,0.87
0.941,1.291
1.295,0.839
1.405,0.716
1.383,0.771
1.032,0.904
1.07,0.906
0.686,1.26
1.259,0.998
1.162,0.943
1.021,1.241
1.28,0.911
1.242,1.286
1.201,0.852
1.091,0.696
0.945,1.493
0.681,0.894
0.973,1.043
1.253,0.875
0.665,1.025
0.689,1.354
0.907,1.099
0.909,1.307
1.228,1.433
0.654,1.097
1.214,0.583
1.195,0.702
1.048,0.841
0.984,0.623
1.34,0.664
1.202,1.368
1.006,1.374
1.34,1.255
0.951,1.441
0.778,1.16
0.876,1.37
1.447,0.997
0.784,1.321
1.184,0.783
0.861,0.546
0.937,0.69
1.296,1.213
0.839,1.254
0.986,0.712
0.853,0.529
1.209,1.263
1.092,1.354
1.242,0.772
1.136,0.523
1.053,0.574
0.75,0.695
0.904,0.828
1.359,1.062
1.147,1.353
1.164,1.39
1.32,0.972
1.314,0.927
0.557,1.047
1.267,0.839
0.825,1.233
1.249,1.324
1.294,1.07
1.02,1.059
1.087,0.957
0.585,0.725
0.992,0.946
0.981,1.124
1.099,0.691
0.552,1.026
0.75,0.797
0.879,0.694
1.496,1.049
1.026,0.538
0.571,1.236
0.545,0.875
1.32,1.309
1.125,0.639
1.189,1.459
1.321,1.241
0.802,0.765
0.964,0.686
0.624,1.236
1.429,0.823
1.362,1.029
1.326,0.903
0.75,0.752
0.865,1.017
1.344,0.831
1.178,1.03
0.81,1.301
0.885,0.995
0.592,0.869
1.177,1.039
1.433,0.957
1.243,0.932
1.248,0.964
1.141,1.018
1.003,0.702
0.893,1.286
1.153,1.297
0.882,0.842
0.958,0.954
0.59,0.718
1.357,1.005
1.232,1.186
1.174,0.601
1.055,1.085
0.692,1.31
0.658,1.014
1.438,0.811
0.703,0.916
0.623,1.172
1.078,1.347
0.835,1.255
1.387,1.085
0.627,1.063
1.062,0.684
0.633,0.838
0.731,0.906
0.979,1.301
0.936,0.735
0.789,1.172
0.807,1.307
1.069,1.49
1.342,1.043
0.746,1.1
0.869,0.935
0.848,0.758
0.783,1.225
1.154,1.338
0.69,0.874
1.171,1.273
1.296,1.312
0.726,1.049
1.19,1.001
0.877,1.05
1.066,1.32
1.373,0.88
0.664,1.259
1.315,1.255
0.766,0.711
0.82,1.309
1.001,0.679
0.751,0.681
1.003,1.182
1.171,0.958
0.75,0.65
1.007,0.689
0.882,0.902
1.182,0.58
0.661,0.889
1.254,1.101
1.14,1.291
1.305,1.377
0.761,0.882
1.04,0.894
0.51,1.065
1.206,0.791
0.859,1.202
0.674,0.719
1.434,0.769
0.988,0.564
0.742,1.035
1.356,1.191
1.055,1.007
0.589,0.985
1.312,1.052
0.755,1.308
1.287,0.812
0.614,0.803
0.811,0.981
1.103,0.793
0.675,1.122
1.164,0.992
1.094,1.248
1.176,1.182
0.867,1.391
0.985,1.378
0.991,0.544
0.858,1.141
1.298,1.331
0.792,0.923
0.796,1.19
0.678,0.979
0.767,1.009
1.339,1.233
1.291,0.869
1.272,1.192
0.763,0.786
0.735,1.208
0.797,1.381
0.547,0.947
0.951,1.4
1.027,1.415
1.07,1.429
1.113,0.563
0.785,0.765
1.435,1.09
0.934,1.208
0.8,0.837
0.775,0.783
1.363,1.05
0.892,1.474
1.358,0.899
0.702,0.757
1.338,0.798
1.318,1.321
0.678,1.276
0.766,0.734
0.783,0.712
1.068,1.351
0.924,0.86
1.116,0.682
0.792,0.795
0.86,1.087
0.923,1.49
0.971,1.209
0.735,0.634
0.593,1.062
1.465,1.026
0.901,1.067
1.202,1.366
1.36,0.944
0.629,0.846
1.249,0.945
0.871,0.796
1.346,1.082
1.315,1.363
1.097,1.434
1.028,0.602
0.987,1.107
1.314,0.926
1.21,1.283
0.794,1.179
1.131,0.55
1.095,0.66
1.175,1.279
0.962,1.168
1.243,1.362
0.829,1.007
0.722,1.275
1.191,1.111
0.919,0.962
0.992,1.24
1.216,0.569
1.215,1.138
0.643,1.076
1.015,1.156
1.011,0.655
1.283,0.621
0.582,0.998
1.346,1.244
1.412,0.799
1.197,1.089
0.597,1.142
0.599,1.075
0.756,1.096
1.458,1.03
0.866,0.546
0.869,0.972
1.198,0.87
0.803,1.177
0.743,1.064
1.157,1.453
1.166,1.407
0.748,0.908
0.63,1.298
0.887,1.164
1.012,1.138
0.952,1.38
0.802,1.351
1.266,1.186
1.203,0.735
1.224,0.633
0.719,0.691
1.295,0.648
0.827,0.901
1.235,0.747
0.757,0.793
0.772,1.199
1.382,1.093
0.561,0.983
0.879,0.758
0.606,0.933
0.952,1.095
0.919,1.232
0.569,1.184
1.362,1.076
0.98,0.987
0.903,0.674
0.86,1.231
1.175,1.063
0.506,1.056
0.585,0.812
1.102,0.921
0.803,1.147
1.086,0.839
1.249,0.774
1.028,0.875
1.452,0.943
0.943,1.132
0.807,1.136
1.19,0.68
1.083,0.863
1.257,1.03
1.066,1.346
1.275,0.839
0.836,1.215
0.646,1.187
1.032,1.066
1.242,1.391
1.135,1.325
1.328,1.245
0.58,0.969
0.94,1.11
1.015,0.565
0.756,1.213
1.12,0.888
1.277,0.749
0.756,0.875
1.47,0.963
0.79,1.231
1.094,0.942
0.727,0.673
0.615,0.896
0.626,0.723
1.142,1.321
1.181,1.238
0.526,0.938
0.989,0.893
0.77,0.945
1.223,0.889
0.581,0.79
0.665,1.294
0.536,0.953
1.022,0.916
0.619,0.748
0.82,1.301
1.178,0.957
1.034,0.629
0.803,1.299
0.824,0.877
1.04,1.246
1.252,0.593
0.638,1.172
0.666,1.177
0.662,1.306
1.338,0.9
0.547,0.863
1.041,1.39
1.081,0.859
0.998,0.946
0.868,1.098
0.824,0.562
0.789,1.371
1.222,1.149
0.741,1.042
0.715,1.176
1.019,1.013
1.148,1.392
0.592,0.834
1.256,1.284
1.212,0.819
0.699,0.782
1.343,0.666
0.608,1.162
0.624,0.962
0.727,1.221
1.047,0.506
0.751,0.681
1.052,0.885
1.005,1.258
0.934,0.578
0.696,0.839
0.6,0.922
1.213,0.618
1.044,0.876
0.887,0.996
1.288,1.059
1.349,1.015
1.041,1.14
1.258,0.637
1.209,1.222
1.17,0.693
1.218,1.136
1.356,0.886
0.871,1.363
0.63,0.794
1.176,1.141
0.748,0.795
0.877,0.818
0.752,0.877
0.731,0.733
1.035,0.736
0.88,0.94
0.89,0.667
1.093,1.004
1.022,0.519
0.939,0.542
0.747,0.773
1.185,0.905
0.639,0.695
0.937,1.389
0.856,1.448
1.298,1.21
1.064,0.59
0.944,0.559
1.208,0.724
0.792,1.128
1.006,0.848
0.927,1.32
0.82,1.238
0.947,1.443
1.144,0.703
1.23,0.572
0.822,0.909
0.935,0.625
1.117,1.469
0.681,1.134
1.247,1.234
1.348,1.036
1.228,0.916
1.087,1.18
0.969,1.225
1.386,1.301
0.644,1.18
0.876,0.753
1.145,0.781
1.166,0.561
1.229,1.117
1.09,1.177
0.978,0.94
1.285,0.967
1.312,1.319
1.062,0.952
1.198,1.277
1.009,1.284
1.12,0.811
1.186,1.231
1.019,1.102
0.912,1.089
0.976,0.996
0.676,1.096
1.282,1.046
1.219,1.184
0.653,0.814
1.101,1.483
1.065,1.014
1.203,1.335
0.896,0.591
1.34,1.029
0.985,0.805
0.532,1.038
1.43,0.885
0.617,1.167
0.784,1.421
0.987,1.189
1.105,1.453
0.794,0.718
1.221,0.699
1.169,1.144
1.04,0.762
0.867,1.011
0.63,1.241
0.547,1.161
1.241,1.262
0.646,1.013
0.928,1.083
0.771,0.983
1.418,0.818
1.038,0.524
0.732,0.697
0.746,0.974
1.207,1.346
1.245,0.954
0.933,1.292
1.436,0.99
0.935,0.529
1.044,1.12
0.947,0.544
1.075,1.177
1.158,1.368
0.838,1.223
1.067,0.992
1.362,1.256
0.858,1.072
0.931,1.04
0.794,1.168
1.377,1.073
1.25,0.617
1.181,1.186
0.871,1.09
0.773,1.185
0.772,1.43
0.814,0.553
1.292,0.914
0.681,1.087
1.128,1.267
0.934,1.31
1.13,1.324
1.452,0.885
0.513,1.021
0.922,1.06
1.199,0.669
0.764,1.102
1.327,1.235
1.056,1.425
0.675,0.631
1.204,1.34
0.812,0.789
1.033,1.194
0.648,0.784
1.126,0.718
1.01,0.936
1.263,0.917
1.082,0.933
0.657,0.907
1.128,0.751
1.269,0.744
0.836,1.182
1.212,0.589
1.102,1.236
0.965,1.311
1.234,0.974
1.074,1.191
1.063,1.034
1.155,0.84
1.406,0.799
1.011,0.937
1.097,1.203
1.167,1.15
0.78,0.735
1.374,0.786
1.04,0.693
0.932,1.109
0.831,0.954
1.122,0.663
1.021,1.21
0.885,0.693
1.076,0.919
1.322,1.166
1.239,1.003
0.691,0.943
1.118,1.335
0.757,0.776
0.737,0.773
1.135,0.633
1.36,0.706
1.057,1.066
1.005,1.122
0.944,1.102
0.801,1.327
0.824,0.628
1.079,0.654
0.763,0.646
1.217,1.241
0.588,0.956
1.025,0.515
0.902,1.32
0.915,1.386
1.31,0.663
0.591,1.188
1.267,1.04
0.868,1.009
1.113,0.906
1.361,0.813
1.079,0.545
1.235,0.788
0.805,1.231
0.911,1.289
1.143,0.596
1.197,0.883
1.061,0.723
0.614,0.957
1.172,0.726
0.958,0.612
1.472,0.994
0.681,0.876
0.963,1.36
0.853,0.711
0.737,1.132
1.127,0.609
0.941,1.191
0.976,0.538
0.767,0.868
1.006,1.054
0.972,1.166
1.182,1.067
0.872,1.041
0.964,0.632
1.418,0.902
1.305,0.714
0.73,0.65
1.362,0.947
1.025,1.217
0.666,0.94
1.375,0.708
0.901,0.602
0.651,0.894
1.111,1.128
1.043,1.129
0.768,1.394
0.944,0.666
1.088,0.528
1.138,0.98
1.304,0.682
0.949,0.516
1.029,1.059
0.684,0.705
1.248,1.256
0.881,1.067
0.747,0.589
0.834,1.279
0.615,1.054
1.099,1.004
0.857,0.934
0.633,0.971
1.356,0.758
1.466,1.142
0.923,0.706
0.784,1.177
0.75,0.909
1.145,0.705
1.174,0.926
0.542,0.847
0.671,1.175
1.286,0.623
0.729,0.822
0.654,1.12
1.215,0.699
0.854,0.693
0.758,0.829
0.698,0.605
1.109,0.734
1.203,1.454
1.006,0.844
0.636,1.212
0.973,1.107
1.328,1.249
1.113,0.785
0.813,0.566
1.062,1.317
1.209,1.281
1.083,0.999
1.068,0.97
0.959,0.909
1.341,0.73
0.611,0.897
0.801,0.79
1.374,0.993
1.161,0.58
0.926,0.562
1.393,0.763
0.505,0.93
0.739,0.722
0.54,1.093
1.177,1.241
1.179,0.78
0.867,0.646
1.416,1.14
1.091,1.434
1.09,1.233
1.378,0.833
1.393,1.16
0.715,0.751
1.289,0.86
1.03,1.072
0.7,0.875
0.547,1.141
1.085,1.354
0.682,1.158
1.395,1.063
1.094,0.965
1.246,1.384
0.957,1.221
1.277,0.678
1.067,0.642
0.831,1.208
0.984,1.052
0.82,0.862
0.957,0.67
1.258,1.168
0.585,1.209
0.707,0.784
0.701,1.078
1.331,0.72
1.328,0.887
1.045,0.694
0.628,1.166
0.722,0.993
1.404,1.086
0.965,0.964
0.736,0.638
1.355,0.814
1.106,1.008
0.789,1.256
0.911,1.175
0.691,1.269
1.045,1.312
0.926,1.257
0.775,0.911
1.281,1.186
0.709,0.849
0.802,1.239
0.724,0.86
1.262,0.793
1.121,0.907
0.959,0.767
1.368,0.817
0.925,1.394
0.731,1.003
0.918,1.038
0.932,1.117
1.343,0.877
1.153,0.621
1.196,1.444
0.92,1.46
1.37,0.988
1.127,0.589
1.0,1.043
1.315,0.726
0.779,0.841
0.674,0.758
1.4,1.021
1.234,0.753
1.183,0.792
0.91,1.079
0.866,1.028
1.124,1.236
1.328,0.772
0.872,0.913
0.806,0.643
0.995,1.112
1.422,0.912
1.143,0.741
1.387,1.089
1.426,1.181
1.42,0.776
0.752,0.639
0.982,0.846
0.742,0.669
1.347,1.055
0.837,0.953
0.745,0.906
1.224,1.136
0.835,0.538
1.063,1.43
0.82,1.201
1.139,0.916
1.053,1.027
0.77,0.867
0.583,0.997
1.429,0.893
0.955,0.732
0.748,0.983
1.01,1.11
0.84,0.588
0.987,1.319
1.391,1.056
1.303,0.942
1.071,1.211
0.968,0.607
1.079,1.481
0.872,0.733
0.775,1.081
1.326,1.194
1.065,0.566
0.982,0.824
1.177,0.58
